timestamp,fps,frame_time_ms,state,cap_read_ms,process_state_ms,draw_ui_ms,imshow_ms,memory_mb
2026-02-03 12:16:53.723,0.88,1137.12,READY,446.53,259.66,112.51,315.17,221.82
2026-02-03 12:16:53.935,6.17,162.03,READY,2.78,0.79,153.45,2.48,224.79
2026-02-03 12:16:54.094,6.64,150.68,READY,5.34,0.72,141.27,0.64,225.04
2026-02-03 12:16:54.223,8.06,124.12,READY,2.87,1.03,117.22,0.87,225.16
2026-02-03 12:16:54.352,8.10,123.47,READY,2.72,1.02,116.88,0.60,225.16
2026-02-03 12:16:54.600,4.13,242.31,READY,6.12,122.54,108.20,1.20,226.43
2026-02-03 12:16:54.727,8.18,122.21,READY,2.62,0.95,115.41,0.78,226.68
2026-02-03 12:16:54.847,8.69,115.14,READY,2.70,0.67,108.69,0.64,226.81
2026-02-03 12:16:54.963,8.98,111.39,READY,2.60,0.59,105.60,0.60,226.81
2026-02-03 12:16:55.079,9.01,111.01,READY,2.60,0.62,105.12,0.64,226.93
2026-02-03 12:16:55.309,4.44,225.24,READY,11.76,107.39,102.66,0.70,227.06
2026-02-03 12:16:55.437,8.12,123.22,READY,1.99,0.72,117.58,0.61,227.18
2026-02-03 12:16:55.557,8.63,115.91,READY,2.09,1.59,108.77,0.73,227.18
2026-02-03 12:16:55.681,8.39,119.19,READY,2.46,1.65,111.20,0.67,227.18
2026-02-03 12:16:55.805,8.45,118.40,READY,2.53,1.49,110.27,0.65,227.18
2026-02-03 12:16:56.044,4.27,234.07,READY,2.37,121.64,106.58,0.59,228.81
2026-02-03 12:16:56.169,8.30,120.48,READY,1.55,0.60,115.55,0.62,228.93
2026-02-03 12:16:56.294,8.33,120.00,READY,2.64,1.59,111.54,0.70,228.93
2026-02-03 12:16:56.415,8.56,116.76,READY,2.76,1.48,108.40,0.62,228.93
2026-02-03 12:16:56.541,8.29,120.58,READY,11.24,1.12,104.94,0.62,228.93
2026-02-03 12:16:56.779,4.27,234.01,READY,16.81,109.67,104.97,0.59,230.18
2026-02-03 12:16:56.911,7.87,127.05,READY,1.26,1.93,119.52,0.64,230.18
2026-02-03 12:16:57.033,8.53,117.25,READY,2.67,1.61,108.84,0.99,230.18
2026-02-03 12:16:57.154,8.67,115.35,READY,3.11,1.47,106.95,0.73,230.18
2026-02-03 12:16:57.277,8.46,118.17,READY,4.68,1.98,107.60,0.61,230.18
2026-02-03 12:16:57.506,4.45,224.49,READY,3.26,114.63,103.06,0.59,230.18
2026-02-03 12:16:57.635,8.02,124.76,READY,3.15,1.82,115.79,0.74,230.18
2026-02-03 12:16:57.761,8.32,120.18,READY,3.97,1.43,110.65,0.61,230.18
2026-02-03 12:16:57.887,8.22,121.65,READY,4.00,2.06,111.79,0.61,230.29
2026-02-03 12:16:58.013,8.31,120.40,READY,4.04,2.16,109.25,0.61,230.29
2026-02-03 12:16:58.240,4.50,222.23,READY,4.22,110.80,103.05,0.60,230.29
2026-02-03 12:16:58.365,8.26,121.05,READY,2.93,0.68,114.84,0.61,230.29
2026-02-03 12:16:58.486,8.65,115.56,READY,2.37,1.46,108.46,0.65,230.29
2026-02-03 12:16:58.613,8.20,121.92,READY,5.24,1.90,110.94,0.77,230.29
2026-02-03 12:16:58.736,8.44,118.45,READY,4.28,2.07,108.31,0.60,230.29
2026-02-03 12:16:58.984,4.12,242.76,READY,2.42,118.38,118.42,0.64,230.29
2026-02-03 12:16:59.119,7.66,130.56,READY,2.84,1.49,122.31,0.61,230.29
2026-02-03 12:16:59.253,7.75,128.98,READY,2.95,1.69,120.54,0.59,230.29
2026-02-03 12:16:59.377,8.38,119.39,READY,2.73,1.25,111.86,0.63,230.29
2026-02-03 12:16:59.503,8.28,120.77,READY,2.79,1.74,112.28,0.60,230.29
2026-02-03 12:16:59.735,4.42,226.44,READY,2.82,113.80,105.80,0.63,230.29
2026-02-03 12:16:59.868,7.78,128.57,READY,2.90,1.79,120.13,0.61,230.29
2026-02-03 12:16:59.998,7.99,125.21,READY,3.50,1.79,115.68,0.69,230.29
2026-02-03 12:17:00.128,8.01,124.78,READY,2.70,1.75,116.63,0.62,230.29
2026-02-03 12:17:00.254,8.28,120.71,READY,2.62,1.49,112.50,0.62,230.29
2026-02-03 12:17:00.480,4.51,221.92,READY,2.61,111.54,104.02,0.62,230.38
2026-02-03 12:17:00.607,8.22,121.63,READY,2.06,0.64,115.51,0.80,230.38
2026-02-03 12:17:00.726,8.72,114.74,READY,2.10,1.26,107.76,0.73,230.38
2026-02-03 12:17:00.851,8.37,119.44,READY,1.99,1.51,111.47,0.64,230.38
2026-02-03 12:17:00.972,8.59,116.48,READY,1.71,1.18,110.29,0.59,230.38
2026-02-03 12:17:01.203,4.42,226.25,READY,2.11,111.22,108.61,1.28,230.88
2026-02-03 12:17:01.333,7.98,125.35,READY,2.61,1.67,117.48,0.68,230.88
2026-02-03 12:17:01.456,8.50,117.69,READY,1.60,1.69,110.56,0.60,230.88
2026-02-03 12:17:01.577,8.60,116.34,READY,1.66,1.61,109.48,0.60,230.88
2026-02-03 12:17:01.698,8.58,116.61,READY,2.83,1.58,108.35,0.61,230.88
2026-02-03 12:17:01.938,4.26,234.62,READY,1.63,119.48,109.69,0.70,230.88
2026-02-03 12:17:02.082,7.17,139.47,READY,1.25,1.23,130.92,0.59,230.88
2026-02-03 12:17:02.214,7.88,126.97,READY,2.54,1.07,120.62,0.62,230.88
2026-02-03 12:17:02.339,8.31,120.37,READY,2.45,0.88,114.14,0.63,230.88
2026-02-03 12:17:02.458,8.75,114.26,READY,3.80,1.08,106.78,0.60,230.88
2026-02-03 12:17:02.685,4.50,222.12,READY,2.84,112.66,103.15,0.60,230.88
2026-02-03 12:17:02.813,8.08,123.69,READY,3.21,1.38,115.15,0.64,230.88
2026-02-03 12:17:02.936,8.45,118.39,READY,2.77,1.78,110.06,0.63,230.88
2026-02-03 12:17:03.061,8.50,117.70,READY,4.05,2.11,107.65,0.66,230.88
2026-02-03 12:17:03.182,8.57,116.66,READY,2.84,1.59,108.01,0.64,230.88
2026-02-03 12:17:03.408,4.53,220.66,READY,2.56,111.63,102.84,0.67,230.88
2026-02-03 12:17:03.539,7.89,126.75,READY,2.71,1.60,118.34,0.78,230.88
2026-02-03 12:17:03.658,8.75,114.32,READY,2.81,0.62,108.24,0.67,230.88
2026-02-03 12:17:03.779,8.67,115.39,READY,2.48,0.61,109.19,0.71,230.88
2026-02-03 12:17:03.899,8.67,115.32,READY,2.60,1.39,107.27,0.72,230.88
2026-02-03 12:17:04.127,4.47,223.85,READY,2.61,114.93,102.60,0.59,230.88
2026-02-03 12:17:04.255,8.14,122.82,READY,2.61,1.77,114.70,0.67,230.88
2026-02-03 12:17:04.378,8.45,118.40,READY,2.68,1.72,110.38,0.59,230.88
2026-02-03 12:17:04.498,8.70,114.93,READY,2.54,1.62,107.07,0.59,230.88
2026-02-03 12:17:04.617,8.71,114.80,READY,2.58,1.62,106.89,0.61,230.88
2026-02-03 12:17:04.854,4.32,231.64,READY,10.46,112.76,105.08,0.61,230.88
2026-02-03 12:17:04.982,8.09,123.68,READY,2.57,1.34,116.03,0.66,230.88
2026-02-03 12:17:05.105,8.49,117.78,READY,4.20,1.54,108.67,0.61,230.88
2026-02-03 12:17:05.225,8.68,115.24,READY,2.84,0.59,108.56,0.60,230.88
2026-02-03 12:17:05.346,8.67,115.32,READY,2.78,1.69,107.62,0.64,230.88
2026-02-03 12:17:05.583,4.30,232.79,READY,14.36,112.47,103.17,0.70,230.88
2026-02-03 12:17:05.711,8.09,123.58,READY,3.54,1.48,114.99,0.66,230.88
2026-02-03 12:17:05.832,8.62,116.04,READY,1.40,0.72,109.95,0.63,230.88
2026-02-03 12:17:05.952,8.69,115.11,READY,2.62,1.68,107.22,0.63,230.88
2026-02-03 12:17:06.076,8.38,119.32,READY,9.59,1.41,105.02,0.61,230.88
2026-02-03 12:17:06.309,4.38,228.06,READY,2.58,116.01,105.60,0.65,230.88
2026-02-03 12:17:06.439,8.01,124.83,READY,2.45,1.78,116.58,0.67,230.88
2026-02-03 12:17:06.570,7.95,125.83,READY,2.65,1.53,117.64,0.64,230.88
2026-02-03 12:17:06.691,8.59,116.44,READY,2.71,1.48,108.25,0.60,230.88
2026-02-03 12:17:06.815,8.41,118.90,READY,6.11,1.52,106.97,0.65,230.88
2026-02-03 12:17:07.052,4.30,232.79,READY,14.03,110.32,105.75,0.61,230.88
2026-02-03 12:17:07.182,7.99,125.17,READY,2.76,1.61,116.43,0.68,230.88
2026-02-03 12:17:07.308,8.25,121.14,READY,4.93,1.93,110.30,0.61,230.88
2026-02-03 12:17:07.431,8.46,118.20,READY,2.95,2.02,108.00,0.65,230.88
2026-02-03 12:17:07.552,8.65,115.64,READY,2.88,1.56,107.54,0.65,230.88
2026-02-03 12:17:07.788,4.33,231.18,READY,10.25,114.24,103.42,0.64,230.88
2026-02-03 12:17:07.917,8.06,124.13,READY,3.01,1.43,115.84,0.76,230.88
2026-02-03 12:17:08.037,8.62,115.98,READY,2.48,1.58,108.85,0.60,230.88
2026-02-03 12:17:08.161,8.42,118.80,READY,2.66,1.51,110.88,0.61,230.88
2026-02-03 12:17:08.280,8.74,114.44,READY,2.49,0.60,108.65,0.67,230.88
2026-02-03 12:17:08.515,4.36,229.57,READY,2.84,115.46,106.98,0.63,230.88
2026-02-03 12:17:08.645,8.06,124.00,READY,2.70,2.19,115.44,0.67,230.88
2026-02-03 12:17:08.767,8.49,117.83,READY,1.61,1.64,110.91,0.61,230.88
2026-02-03 12:17:08.890,8.47,118.00,READY,2.87,1.69,109.36,0.72,230.88
2026-02-03 12:17:09.014,8.49,117.79,READY,6.73,1.49,105.71,0.64,230.88
2026-02-03 12:17:09.256,4.21,237.54,READY,16.93,115.06,102.94,0.61,230.88
2026-02-03 12:17:09.388,7.84,127.62,READY,3.20,1.36,119.21,0.63,230.88
2026-02-03 12:17:09.513,8.36,119.69,READY,4.96,2.25,108.29,0.62,230.88
2026-02-03 12:17:09.634,8.59,116.35,READY,2.91,1.56,108.02,0.61,230.88
2026-02-03 12:17:09.755,8.60,116.34,READY,3.09,1.42,107.96,0.64,230.88
2026-02-03 12:17:09.989,4.36,229.25,READY,6.61,114.90,103.71,0.60,230.88
2026-02-03 12:17:10.118,8.10,123.40,READY,2.57,1.67,115.29,0.66,230.88
2026-02-03 12:17:10.237,8.69,115.08,READY,3.06,1.41,106.76,0.62,230.88
2026-02-03 12:17:10.356,8.78,113.92,READY,2.25,0.76,108.01,0.65,230.88
2026-02-03 12:17:10.479,8.46,118.14,READY,6.30,2.13,105.72,0.59,230.88
2026-02-03 12:17:10.712,4.39,227.92,READY,2.49,117.99,103.87,0.61,230.88
2026-02-03 12:17:10.836,8.36,119.60,READY,2.56,0.58,113.78,0.76,230.88
2026-02-03 12:17:10.957,8.64,115.76,READY,2.65,0.55,109.75,0.75,230.88
2026-02-03 12:17:11.081,8.37,119.41,READY,5.51,2.21,107.51,0.62,230.88
2026-02-03 12:17:11.201,8.65,115.57,READY,2.70,1.51,107.55,0.63,230.88
2026-02-03 12:17:11.430,4.46,224.02,READY,2.67,114.07,103.28,0.63,230.88
2026-02-03 12:17:11.560,7.99,125.10,READY,2.37,0.78,118.63,0.85,230.88
2026-02-03 12:17:11.683,8.50,117.65,READY,2.55,1.72,109.64,0.67,230.88
2026-02-03 12:17:11.804,8.59,116.47,READY,2.90,1.69,108.26,0.61,230.88
2026-02-03 12:17:11.925,8.59,116.38,READY,2.55,1.86,108.41,0.64,230.88
2026-02-03 12:17:12.159,4.37,228.89,READY,2.63,118.61,104.02,0.65,230.88
2026-02-03 12:17:12.284,8.33,120.03,READY,2.58,0.61,114.17,0.61,230.88
2026-02-03 12:17:12.403,8.73,114.57,READY,2.57,1.05,108.36,0.61,230.88
2026-02-03 12:17:12.521,8.82,113.41,READY,2.53,0.54,107.60,0.71,230.88
2026-02-03 12:17:12.642,8.63,115.93,READY,3.19,1.44,107.62,0.62,230.88
2026-02-03 12:17:12.866,4.56,219.25,READY,2.54,111.39,102.73,0.60,230.88
2026-02-03 12:17:12.995,8.02,124.74,READY,2.56,0.75,118.60,0.74,230.88
2026-02-03 12:17:13.121,8.29,120.60,READY,2.69,0.80,114.44,0.64,230.88
2026-02-03 12:17:13.239,8.85,113.00,READY,2.47,0.88,107.00,0.65,230.88
2026-02-03 12:17:13.356,8.85,112.98,READY,2.42,0.94,106.90,0.60,230.88
2026-02-03 12:17:13.590,4.38,228.41,READY,6.17,114.43,103.74,0.60,230.88
2026-02-03 12:17:13.724,7.70,129.88,READY,3.07,2.02,119.08,0.65,230.88
2026-02-03 12:17:13.845,8.60,116.24,READY,1.62,0.59,110.59,0.62,230.88
2026-02-03 12:17:13.965,8.69,115.08,READY,2.56,0.55,108.91,0.71,230.88
2026-02-03 12:17:14.089,8.41,118.90,READY,3.11,1.42,111.10,0.69,230.88
2026-02-03 12:17:14.323,4.36,229.60,READY,10.08,109.58,106.21,0.63,230.88
2026-02-03 12:17:14.452,8.06,124.05,READY,2.60,1.60,115.43,0.62,230.88
2026-02-03 12:17:14.573,8.63,115.93,READY,2.36,0.86,109.45,0.62,230.88
2026-02-03 12:17:14.692,8.79,113.82,READY,2.35,0.76,107.56,0.60,230.88
2026-02-03 12:17:14.816,8.37,119.52,READY,7.38,1.36,106.80,0.60,230.88
2026-02-03 12:17:15.049,4.37,228.62,READY,14.36,108.34,103.23,0.60,230.88
2026-02-03 12:17:15.180,7.97,125.50,READY,3.72,2.00,115.59,0.59,230.88
2026-02-03 12:17:15.303,8.46,118.21,READY,3.10,1.68,109.25,0.59,230.88
2026-02-03 12:17:15.426,8.49,117.77,READY,3.07,1.57,109.07,0.64,230.88
2026-02-03 12:17:15.549,8.45,118.36,READY,5.19,1.86,107.59,0.60,230.88
2026-02-03 12:17:15.772,4.57,218.74,READY,2.50,109.91,103.40,0.62,230.88
2026-02-03 12:17:15.901,8.06,124.03,READY,2.32,0.68,118.01,0.69,230.88
2026-02-03 12:17:16.024,8.46,118.23,READY,3.33,1.43,109.83,0.64,230.88
2026-02-03 12:17:16.149,8.32,120.22,READY,7.16,1.26,107.63,0.62,230.88
2026-02-03 12:17:16.271,8.54,117.08,READY,3.68,1.80,108.64,0.70,230.88
2026-02-03 12:17:16.496,4.55,219.91,READY,2.57,111.21,103.16,0.59,230.88
2026-02-03 12:17:16.623,8.17,122.43,READY,2.60,1.39,114.58,0.64,230.88
2026-02-03 12:17:16.749,8.27,120.96,READY,8.84,1.12,107.44,0.62,230.88
2026-02-03 12:17:16.870,8.59,116.38,READY,3.00,1.50,107.77,0.64,230.88
2026-02-03 12:17:16.991,8.58,116.49,READY,2.79,1.36,108.19,0.63,230.88
2026-02-03 12:17:17.219,4.49,222.85,READY,2.76,112.91,103.38,0.67,230.88
2026-02-03 12:17:17.348,8.06,124.01,READY,2.72,1.71,115.78,0.61,230.88
2026-02-03 12:17:17.472,8.38,119.33,READY,2.75,2.06,110.39,0.60,230.88
2026-02-03 12:17:17.592,8.66,115.47,READY,2.72,1.48,107.33,0.63,230.88
2026-02-03 12:17:17.714,8.58,116.61,READY,2.75,1.57,108.49,0.66,230.88
2026-02-03 12:17:17.938,4.56,219.38,READY,2.62,110.70,102.32,0.62,230.88
2026-02-03 12:17:18.068,7.97,125.47,READY,2.67,1.44,117.32,0.60,230.88
2026-02-03 12:17:18.191,8.49,117.73,READY,3.06,1.60,108.89,0.60,230.88
2026-02-03 12:17:18.314,8.48,117.92,READY,2.86,1.52,109.80,0.60,230.88
2026-02-03 12:17:18.434,8.68,115.19,READY,2.70,1.41,107.18,0.60,230.88
2026-02-03 12:17:18.664,4.43,225.63,READY,2.70,115.81,103.25,0.67,230.88
2026-02-03 12:17:18.793,8.05,124.25,READY,3.47,1.36,115.67,0.67,230.88
2026-02-03 12:17:18.916,8.45,118.33,READY,2.83,1.61,109.95,0.61,230.88
2026-02-03 12:17:19.037,8.62,115.99,READY,3.30,1.69,107.22,0.60,230.88
2026-02-03 12:17:19.158,8.64,115.76,READY,2.86,1.65,107.22,0.60,230.88
2026-02-03 12:17:19.386,4.49,222.89,READY,5.95,110.41,102.34,0.60,230.88
2026-02-03 12:17:19.514,8.09,123.56,READY,3.02,1.53,115.16,0.63,230.88
2026-02-03 12:17:19.638,8.38,119.38,READY,4.62,2.17,108.76,0.66,230.88
2026-02-03 12:17:19.759,8.61,116.15,READY,2.70,1.45,107.82,0.68,230.88
2026-02-03 12:17:19.883,8.41,118.85,READY,4.78,2.09,107.56,0.63,230.88
2026-02-03 12:17:20.109,4.52,221.20,READY,2.68,111.61,103.49,0.59,230.88
2026-02-03 12:17:20.237,8.07,123.88,READY,2.85,1.83,115.37,0.60,230.88
2026-02-03 12:17:20.357,8.75,114.34,READY,2.40,0.73,108.22,0.60,230.88
2026-02-03 12:17:20.484,8.15,122.64,READY,7.69,2.00,108.80,0.63,230.88
2026-02-03 12:17:20.609,8.33,120.06,READY,5.27,2.06,109.10,0.61,230.88
2026-02-03 12:17:20.839,4.46,224.25,READY,2.90,112.17,105.43,0.68,230.88
2026-02-03 12:17:20.971,7.98,125.28,READY,2.46,1.89,116.96,0.59,230.88
2026-02-03 12:17:21.091,8.65,115.63,READY,2.23,1.53,107.89,0.61,230.88
2026-02-03 12:17:21.218,8.22,121.62,READY,9.74,1.12,107.35,0.68,230.88
2026-02-03 12:17:21.346,8.11,123.37,READY,14.55,0.54,105.03,0.63,230.88
2026-02-03 12:17:21.575,4.46,224.38,READY,2.82,111.88,105.94,0.61,230.88
2026-02-03 12:17:21.706,7.97,125.53,READY,1.87,1.15,119.18,0.59,230.88
2026-02-03 12:17:21.829,8.44,118.52,READY,3.34,2.23,107.65,0.66,230.88
2026-02-03 12:17:21.954,8.38,119.34,READY,3.16,1.40,110.73,0.59,230.88
2026-02-03 12:17:22.075,8.62,116.05,READY,2.61,1.71,107.72,0.64,230.88
2026-02-03 12:17:22.305,4.43,225.78,READY,2.63,116.20,103.33,0.59,230.88
2026-02-03 12:17:22.437,7.88,126.97,READY,2.75,1.38,118.61,0.68,230.88
2026-02-03 12:17:22.558,8.60,116.26,READY,2.57,1.60,108.55,0.60,230.88
2026-02-03 12:17:22.681,8.48,117.93,READY,6.29,1.27,105.91,0.60,230.88
2026-02-03 12:17:22.800,8.71,114.79,READY,2.74,0.60,108.47,0.63,230.88
2026-02-03 12:17:23.025,4.55,219.78,READY,2.48,110.66,103.20,0.63,230.88
2026-02-03 12:17:23.151,8.24,121.41,READY,2.37,0.74,115.07,0.66,230.88
2026-02-03 12:17:23.274,8.51,117.55,READY,2.71,1.83,109.40,0.64,230.88
2026-02-03 12:17:23.393,8.69,115.02,READY,2.60,0.86,108.56,0.63,230.88
2026-02-03 12:17:23.514,8.66,115.45,READY,2.39,1.61,108.02,0.63,230.88
2026-02-03 12:17:23.745,4.42,226.14,READY,2.57,117.00,102.70,0.82,230.88
2026-02-03 12:17:23.873,8.12,123.15,READY,2.52,1.39,115.51,0.68,230.88
2026-02-03 12:17:23.993,8.69,115.10,READY,1.74,1.53,108.20,0.61,230.88
2026-02-03 12:17:24.113,8.55,116.93,READY,1.99,1.04,110.32,0.61,230.88
2026-02-03 12:17:24.233,8.73,114.59,READY,2.48,1.31,107.74,0.60,230.88
2026-02-03 12:17:24.458,4.54,220.19,READY,2.57,111.54,103.07,0.60,230.88
2026-02-03 12:17:24.592,7.73,129.29,READY,2.54,1.84,121.62,0.65,230.88
2026-02-03 12:17:24.712,8.70,114.89,READY,2.48,1.03,108.96,0.60,230.88
2026-02-03 12:17:24.832,8.64,115.76,READY,2.21,1.42,109.31,0.63,230.88
2026-02-03 12:17:24.953,8.62,116.06,READY,2.86,0.80,109.48,0.61,230.88
2026-02-03 12:17:25.193,4.26,234.94,READY,14.70,112.68,104.86,0.59,230.88
2026-02-03 12:17:25.321,8.14,122.85,READY,2.09,1.38,115.88,0.62,230.88
2026-02-03 12:17:25.441,8.64,115.80,READY,2.17,1.31,109.21,0.60,230.88
2026-02-03 12:17:25.568,8.20,121.90,READY,3.78,1.85,111.85,0.60,230.88
2026-02-03 12:17:25.688,8.67,115.39,READY,2.17,1.37,108.53,0.61,230.88
2026-02-03 12:17:25.925,4.33,231.13,READY,12.72,108.22,106.99,0.69,230.88
2026-02-03 12:17:26.053,8.10,123.51,READY,2.53,1.92,115.93,0.60,230.88
2026-02-03 12:17:26.173,8.70,114.98,READY,2.55,0.76,109.12,0.60,230.88
2026-02-03 12:17:26.293,8.68,115.18,READY,2.32,0.77,109.26,0.61,230.88
2026-02-03 12:17:26.417,8.49,117.76,READY,8.19,1.40,104.87,0.64,230.88
2026-02-03 12:17:26.664,4.12,242.85,READY,15.21,111.21,111.90,0.62,230.91
2026-02-03 12:17:26.798,7.78,128.52,READY,3.22,1.34,120.77,0.61,230.91
2026-02-03 12:17:26.924,8.27,120.88,READY,2.66,1.54,112.76,0.77,230.91
2026-02-03 12:17:27.073,6.93,144.29,READY,2.58,1.50,136.08,0.67,230.91
2026-02-03 12:17:27.191,8.86,112.90,READY,1.44,0.70,107.76,0.59,230.91
2026-02-03 12:17:27.423,4.40,227.04,READY,2.61,116.81,104.71,0.61,230.91
2026-02-03 12:17:27.556,7.82,127.81,READY,3.21,2.12,117.17,0.65,230.91
2026-02-03 12:17:27.679,8.45,118.35,READY,2.71,1.85,110.62,0.87,230.91
2026-02-03 12:17:27.799,8.62,116.03,READY,2.51,1.70,108.22,0.60,230.91
2026-02-03 12:17:27.921,8.54,117.08,READY,2.56,1.57,109.15,0.61,230.91
2026-02-03 12:17:28.149,4.49,222.91,READY,2.62,112.71,103.86,0.60,230.91
2026-02-03 12:17:28.276,8.17,122.46,READY,2.69,0.69,115.94,0.65,230.91
2026-02-03 12:17:28.395,8.76,114.13,READY,2.62,0.64,108.00,0.72,230.91
2026-02-03 12:17:28.518,8.50,117.62,READY,2.43,1.70,110.05,0.63,230.91
2026-02-03 12:17:28.638,8.64,115.78,READY,2.64,1.77,107.77,0.71,230.91
2026-02-03 12:17:28.869,4.42,226.22,READY,2.59,116.84,103.86,0.61,230.91
2026-02-03 12:17:28.995,8.25,121.18,READY,2.58,1.08,114.99,0.60,230.91
2026-02-03 12:17:29.115,8.70,114.92,READY,2.52,0.75,109.12,0.62,230.91
2026-02-03 12:17:29.237,8.55,116.94,READY,2.28,1.81,109.05,0.60,230.91
2026-02-03 12:17:29.358,8.61,116.09,READY,3.48,1.57,107.40,0.60,230.91
2026-02-03 12:17:29.593,4.34,230.47,READY,12.54,109.18,105.42,0.60,230.91
2026-02-03 12:17:29.718,8.32,120.13,READY,2.52,0.56,114.16,0.61,230.91
2026-02-03 12:17:29.835,8.90,112.42,READY,2.52,0.56,106.68,0.59,230.91
2026-02-03 12:17:29.953,8.88,112.58,READY,2.49,0.49,106.80,0.73,230.91
2026-02-03 12:17:30.081,8.09,123.54,READY,16.14,0.58,104.15,0.61,230.91
2026-02-03 12:17:30.331,4.07,245.42,READY,19.52,116.65,106.61,0.59,230.91
2026-02-03 12:17:30.459,8.11,123.28,READY,2.50,1.57,115.42,0.63,230.91
2026-02-03 12:17:30.581,8.55,117.02,READY,2.56,1.64,108.96,0.60,230.91
2026-02-03 12:17:30.703,8.50,117.58,READY,2.62,1.83,109.40,0.68,230.91
2026-02-03 12:17:30.824,8.63,115.83,READY,2.54,1.73,107.62,0.72,230.91
2026-02-03 12:17:31.059,4.34,230.21,READY,10.27,113.30,103.35,0.60,230.91
2026-02-03 12:17:31.187,8.10,123.47,READY,2.59,1.38,115.53,0.64,230.91
2026-02-03 12:17:31.312,8.35,119.83,READY,2.72,1.54,111.66,0.67,230.91
2026-02-03 12:17:31.435,8.58,116.51,READY,3.09,1.97,107.47,0.70,230.91
2026-02-03 12:17:31.554,8.70,114.99,READY,2.70,1.52,106.99,0.65,230.91
2026-02-03 12:17:31.793,4.28,233.71,READY,14.56,112.43,103.94,0.68,230.91
2026-02-03 12:17:31.923,7.97,125.42,READY,2.70,1.73,115.85,0.67,230.91
2026-02-03 12:17:32.043,8.70,114.98,READY,2.76,0.70,108.47,0.73,230.91
2026-02-03 12:17:32.167,8.38,119.32,READY,3.10,1.61,110.63,0.62,230.91
2026-02-03 12:17:32.290,8.50,117.59,READY,3.52,1.83,108.65,0.63,230.91
2026-02-03 12:17:32.523,4.38,228.51,READY,12.61,108.57,104.30,0.58,230.91
2026-02-03 12:17:32.653,8.00,124.96,READY,3.14,1.40,116.37,0.85,230.91
2026-02-03 12:17:32.776,8.45,118.40,READY,3.14,1.84,109.43,0.64,230.91
2026-02-03 12:17:32.899,8.47,118.02,READY,2.68,1.46,109.91,0.59,230.91
2026-02-03 12:17:33.021,8.55,116.92,READY,3.91,1.70,107.67,0.59,230.91
2026-02-03 12:17:33.246,4.55,219.91,READY,2.97,110.43,102.96,0.63,230.91
2026-02-03 12:17:33.376,8.00,124.98,READY,2.62,1.72,116.90,0.62,230.91
2026-02-03 12:17:33.498,8.61,116.11,READY,2.80,0.76,108.44,1.23,230.91
2026-02-03 12:17:33.623,8.32,120.18,READY,5.62,1.79,108.27,0.60,230.91
2026-02-03 12:17:33.746,8.50,117.67,READY,3.66,2.12,107.49,0.60,230.91
2026-02-03 12:17:33.971,4.53,220.73,READY,2.56,111.22,103.26,0.60,230.91
2026-02-03 12:17:34.095,8.37,119.43,READY,2.95,0.59,113.01,0.59,230.91
2026-02-03 12:17:34.221,8.25,121.26,READY,9.27,1.11,107.14,0.70,230.91
2026-02-03 12:17:34.341,8.72,114.72,READY,2.86,1.09,108.04,0.62,230.91
2026-02-03 12:17:34.457,8.98,111.39,READY,2.54,0.64,105.25,0.62,230.91
2026-02-03 12:17:34.679,4.61,216.83,READY,2.53,108.89,102.61,0.64,230.91
2026-02-03 12:17:34.807,8.05,124.16,READY,2.47,1.59,115.15,0.59,230.91
2026-02-03 12:17:34.926,8.80,113.61,READY,2.56,0.79,107.34,0.60,230.91
2026-02-03 12:17:35.048,8.55,116.97,READY,2.48,0.99,110.76,0.59,230.91
2026-02-03 12:17:35.168,8.65,115.65,READY,2.54,0.73,109.21,0.61,230.91
2026-02-03 12:17:35.396,4.49,222.71,READY,3.66,111.43,103.61,0.60,230.91
2026-02-03 12:17:35.523,8.18,122.24,READY,2.08,0.65,115.95,0.76,230.91
2026-02-03 12:17:35.643,8.62,116.04,READY,2.28,0.63,109.64,0.69,230.91
2026-02-03 12:17:35.766,8.51,117.52,READY,2.68,1.25,108.96,0.66,230.91
2026-02-03 12:17:35.888,8.52,117.32,READY,5.21,1.65,106.57,0.63,230.91
2026-02-03 12:17:36.121,4.37,228.60,READY,14.53,108.08,103.24,0.67,230.91
2026-02-03 12:17:36.250,8.06,124.00,READY,3.10,1.48,115.52,0.61,230.91
2026-02-03 12:17:36.375,8.32,120.12,READY,3.83,1.88,111.00,0.61,230.91
2026-02-03 12:17:36.497,8.49,117.75,READY,2.37,1.67,109.96,0.65,230.91
2026-02-03 12:17:36.623,8.28,120.71,READY,6.02,1.59,108.85,0.59,230.91
2026-02-03 12:17:36.859,4.33,230.87,READY,2.11,112.73,111.70,1.15,230.80
2026-02-03 12:17:36.992,7.77,128.63,READY,3.28,1.61,120.01,0.60,230.80
2026-02-03 12:17:37.115,8.51,117.46,READY,2.74,1.39,109.28,0.64,230.80
2026-02-03 12:17:37.236,8.56,116.82,READY,2.77,1.28,109.18,0.60,230.80
2026-02-03 12:17:37.357,8.65,115.57,READY,2.78,1.42,107.64,0.66,230.80
2026-02-03 12:17:37.595,4.28,233.61,READY,15.72,109.40,104.54,0.60,230.80
2026-02-03 12:17:37.723,8.12,123.18,READY,2.76,1.55,115.23,0.59,230.80
2026-02-03 12:17:37.846,8.48,117.99,READY,2.59,1.62,109.87,0.71,230.80
2026-02-03 12:17:37.967,8.60,116.31,READY,3.11,1.69,107.91,0.62,230.80
2026-02-03 12:17:38.089,8.55,116.91,READY,4.45,2.03,106.58,0.60,230.80
2026-02-03 12:17:38.328,4.28,233.91,READY,14.12,113.44,103.70,0.62,230.80
2026-02-03 12:17:38.456,8.09,123.63,READY,3.60,1.83,114.40,0.66,230.80
2026-02-03 12:17:38.578,8.56,116.83,READY,2.51,0.60,110.86,0.61,230.80
2026-02-03 12:17:38.697,8.78,113.89,READY,1.74,1.09,108.03,0.61,230.80
2026-02-03 12:17:38.821,8.40,119.03,READY,7.69,1.10,106.35,0.63,230.80
2026-02-03 12:17:39.046,4.54,220.47,READY,3.34,110.47,102.85,0.60,230.80
2026-02-03 12:17:39.174,8.13,123.00,READY,2.83,1.62,114.57,0.65,230.80
2026-02-03 12:17:39.294,8.66,115.46,READY,3.37,1.37,107.09,0.64,230.80
2026-02-03 12:17:39.418,8.40,119.09,READY,10.93,1.33,103.52,0.61,230.80
2026-02-03 12:17:39.540,8.55,116.97,READY,3.49,1.75,108.23,0.59,230.80
2026-02-03 12:17:39.764,4.57,219.00,READY,2.55,110.17,102.64,0.60,230.80
2026-02-03 12:17:39.881,8.92,112.06,READY,2.16,0.80,106.19,0.61,230.80
2026-02-03 12:17:39.999,8.83,113.25,READY,2.46,0.97,107.02,0.72,230.80
2026-02-03 12:17:40.119,8.66,115.50,READY,3.02,1.46,107.28,0.65,230.80
2026-02-03 12:17:40.237,8.85,112.97,READY,1.51,1.02,107.07,0.63,230.80
2026-02-03 12:17:40.470,4.37,228.86,READY,2.59,113.35,108.95,0.67,230.80
2026-02-03 12:17:40.599,8.06,123.99,READY,3.01,1.68,114.41,0.73,230.70
2026-02-03 12:17:40.732,7.98,125.36,READY,1.26,1.49,117.35,0.62,230.80
2026-02-03 12:17:40.859,8.31,120.35,READY,1.46,1.54,113.40,0.63,230.80
2026-02-03 12:17:40.983,8.43,118.63,READY,2.69,1.79,110.34,0.72,230.80
2026-02-03 12:17:41.210,4.49,222.55,READY,2.55,113.29,102.93,0.62,230.80
2026-02-03 12:17:41.341,7.93,126.05,READY,2.66,1.47,118.03,0.67,230.91
2026-02-03 12:17:41.470,8.03,124.46,READY,2.89,0.58,117.90,0.62,231.01
2026-02-03 12:17:41.598,8.13,123.05,READY,2.62,1.78,115.20,0.70,231.01
2026-02-03 12:17:41.726,8.10,123.48,READY,2.65,1.55,115.90,0.66,231.01
2026-02-03 12:17:41.962,4.34,230.51,READY,2.64,117.51,107.04,0.65,231.01
2026-02-03 12:17:42.098,7.60,131.57,READY,2.94,1.82,122.31,0.75,231.01
2026-02-03 12:17:42.246,7.05,141.87,READY,4.42,2.12,129.51,0.62,231.01
2026-02-03 12:17:42.367,8.59,116.43,READY,2.58,1.77,108.92,0.63,231.01
2026-02-03 12:17:42.489,8.51,117.50,READY,5.38,2.13,105.93,0.60,231.01
2026-02-03 12:17:42.727,4.29,232.90,READY,14.44,112.61,103.11,0.63,231.01
2026-02-03 12:17:42.856,8.08,123.81,READY,2.88,1.67,115.65,0.60,231.01
2026-02-03 12:17:42.977,8.55,117.01,READY,2.60,0.60,110.81,0.59,231.01
2026-02-03 12:17:43.099,8.55,117.02,READY,3.14,1.50,108.82,0.65,231.01
2026-02-03 12:17:43.221,8.56,116.80,READY,5.24,2.05,105.64,0.62,231.01
2026-02-03 12:17:43.449,4.47,223.51,READY,2.09,115.61,102.72,0.59,231.01
2026-02-03 12:17:43.576,8.18,122.27,READY,2.33,0.73,115.99,0.61,231.01
2026-02-03 12:17:43.697,8.59,116.47,READY,2.55,1.53,108.50,0.61,231.01
2026-02-03 12:17:43.822,8.32,120.12,READY,6.53,1.91,107.90,0.64,231.01
2026-02-03 12:17:43.940,8.84,113.09,READY,2.63,0.71,106.75,0.60,231.01
2026-02-03 12:17:44.171,4.43,225.58,READY,2.62,111.22,107.33,0.59,230.91
2026-02-03 12:17:44.302,7.92,126.23,READY,4.13,1.77,116.46,0.61,230.91
2026-02-03 12:17:44.425,8.43,118.59,READY,3.91,1.29,109.51,0.61,230.91
2026-02-03 12:17:44.552,8.29,120.57,READY,3.12,1.94,109.94,0.60,230.91
2026-02-03 12:17:44.673,8.61,116.16,READY,2.70,1.36,108.19,0.64,230.91
2026-02-03 12:17:44.910,4.31,231.99,READY,3.06,116.87,108.25,0.77,230.91
2026-02-03 12:17:45.040,8.02,124.70,READY,3.15,1.79,116.05,0.72,230.91
2026-02-03 12:17:45.164,8.41,118.85,READY,3.21,1.80,109.88,0.71,230.91
2026-02-03 12:17:45.291,8.17,122.42,READY,10.01,1.36,107.15,0.74,230.91
2026-02-03 12:17:45.420,8.02,124.71,READY,13.96,0.67,105.77,0.61,230.91
2026-02-03 12:17:45.647,4.51,221.82,READY,3.17,111.79,103.08,0.61,230.91
2026-02-03 12:17:45.779,7.85,127.35,READY,2.56,1.51,119.10,0.61,230.91
2026-02-03 12:17:45.898,8.81,113.47,READY,1.86,0.57,107.99,0.63,230.91
2026-02-03 12:17:46.022,8.37,119.48,READY,8.36,1.16,106.18,0.60,230.91
2026-02-03 12:17:46.143,8.63,115.92,READY,1.68,1.31,109.41,0.64,230.91
2026-02-03 12:17:46.370,4.48,223.02,READY,2.57,112.41,104.51,0.70,230.91
2026-02-03 12:17:46.498,8.17,122.33,READY,2.79,0.73,116.04,0.64,230.80
2026-02-03 12:17:46.630,7.81,128.04,READY,8.88,0.86,113.63,0.75,230.80
2026-02-03 12:17:46.756,8.26,121.12,READY,1.31,1.57,113.68,0.60,230.91
2026-02-03 12:17:46.885,8.08,123.77,READY,3.21,1.75,115.00,0.63,230.91
2026-02-03 12:17:47.116,4.42,226.30,READY,2.90,113.52,106.22,0.66,230.91
2026-02-03 12:17:47.255,7.46,134.08,READY,2.84,1.57,125.89,0.60,230.91
2026-02-03 12:17:47.388,7.82,127.95,READY,4.45,2.69,116.60,0.66,230.91
2026-02-03 12:17:47.515,8.25,121.28,READY,3.07,1.61,112.44,0.79,230.91
2026-02-03 12:17:47.641,8.25,121.20,READY,2.78,1.40,113.50,0.60,230.91
2026-02-03 12:17:47.870,4.45,224.95,READY,2.67,110.71,108.50,0.65,230.91
2026-02-03 12:17:48.007,7.64,130.84,READY,2.59,1.62,122.67,0.70,230.91
2026-02-03 12:17:48.136,8.06,124.07,READY,2.46,1.91,116.07,0.66,230.91
2026-02-03 12:17:48.264,8.15,122.65,READY,2.79,1.71,114.30,0.73,230.91
2026-02-03 12:17:48.390,8.30,120.45,READY,2.78,1.74,112.16,0.65,230.91
2026-02-03 12:17:48.619,4.46,224.36,READY,2.91,110.66,106.90,0.63,230.91
2026-02-03 12:17:48.751,7.91,126.41,READY,2.41,0.65,119.69,0.76,230.91
2026-02-03 12:17:48.878,8.29,120.67,READY,2.93,1.30,110.88,0.64,231.01
2026-02-03 12:17:49.000,8.52,117.43,READY,2.77,1.38,109.25,0.72,231.01
2026-02-03 12:17:49.121,8.65,115.54,READY,2.46,1.48,107.74,0.62,231.01
2026-02-03 12:17:49.349,4.49,222.87,READY,3.00,111.81,103.99,0.70,231.01
2026-02-03 12:17:49.479,7.98,125.30,READY,2.54,1.79,117.73,0.66,231.01
2026-02-03 12:17:49.602,8.46,118.25,READY,2.77,1.79,110.24,0.63,231.01
2026-02-03 12:17:49.723,8.59,116.45,READY,2.63,1.76,108.53,0.62,231.01
2026-02-03 12:17:49.844,8.60,116.33,READY,2.78,1.82,108.34,0.64,231.01
2026-02-03 12:17:50.069,4.54,220.34,READY,2.61,110.48,103.53,0.60,231.01
2026-02-03 12:17:50.212,7.26,137.69,READY,2.83,1.49,129.45,0.69,231.01
2026-02-03 12:17:50.357,7.16,139.76,READY,3.02,1.44,131.04,0.63,231.01
2026-02-03 12:17:50.489,7.87,127.08,READY,3.06,2.30,117.72,0.68,231.01
2026-02-03 12:17:50.619,8.01,124.78,READY,2.96,1.48,116.49,0.59,231.01
2026-02-03 12:17:50.798,5.73,174.48,PRE_ADJUST,2.87,113.61,54.09,0.61,231.01
2026-02-03 12:17:51.008,4.88,204.98,PRE_ADJUST,2.55,0.11,198.39,0.67,230.96
2026-02-03 12:17:51.211,5.06,197.58,PRE_ADJUST,1.32,0.13,191.52,0.60,230.96
2026-02-03 12:17:51.415,5.03,198.90,PRE_ADJUST,3.18,0.14,191.82,0.62,230.96
2026-02-03 12:17:51.618,5.03,198.73,PRE_ADJUST,1.33,0.13,193.72,0.64,230.96
2026-02-03 12:17:51.827,4.92,203.15,PRE_ADJUST,1.49,0.11,197.88,0.70,230.96
2026-02-03 12:17:52.030,5.03,198.77,PRE_ADJUST,1.33,0.13,193.81,0.71,230.96
2026-02-03 12:17:52.228,5.18,193.16,PRE_ADJUST,2.18,0.07,188.33,0.61,230.96
2026-02-03 12:17:52.432,5.04,198.55,PRE_ADJUST,1.35,0.12,193.63,0.61,230.96
2026-02-03 12:17:52.631,5.15,194.07,PRE_ADJUST,1.35,0.11,189.04,0.63,230.96
2026-02-03 12:17:52.837,4.97,201.32,PRE_ADJUST,1.27,0.10,196.30,0.72,230.96
2026-02-03 12:17:53.048,4.84,206.71,PRE_ADJUST,1.44,0.06,202.66,0.64,230.96
2026-02-03 12:17:53.252,5.03,198.93,PRE_ADJUST,1.37,0.10,193.79,0.72,230.96
2026-02-03 12:17:53.457,5.00,199.83,PRE_ADJUST,1.43,0.10,194.47,0.74,230.96
2026-02-03 12:17:53.662,5.00,200.19,PRE_ADJUST,1.39,0.06,195.47,0.63,230.96
2026-02-03 12:17:53.865,5.05,198.11,PRE_ADJUST,1.24,0.06,193.54,0.64,230.96
2026-02-03 12:17:54.071,4.96,201.51,PRE_ADJUST,1.55,0.15,196.65,0.65,230.96
2026-02-03 12:17:54.272,5.06,197.44,PRE_ADJUST,1.77,0.06,193.02,0.61,230.96
2026-02-03 12:17:54.476,5.04,198.52,PRE_ADJUST,1.44,0.13,193.89,0.64,230.96
2026-02-03 12:17:54.679,5.06,197.65,PRE_ADJUST,1.42,0.06,193.30,0.65,230.96
2026-02-03 12:17:54.881,5.07,197.09,PRE_ADJUST,1.39,0.06,192.47,0.63,230.96
2026-02-03 12:17:55.091,4.96,201.47,PRE_ADJUST,1.94,0.06,195.48,1.32,230.96
2026-02-03 12:17:55.292,5.11,195.88,PRE_ADJUST,2.21,0.11,189.88,0.63,230.96
2026-02-03 12:17:55.511,4.69,213.37,PRE_ADJUST,1.63,0.13,204.59,0.65,230.96
2026-02-03 12:17:55.736,4.56,219.32,PRE_ADJUST,1.45,0.07,214.05,0.68,230.96
2026-02-03 12:17:55.951,4.75,210.74,PRE_ADJUST,1.62,0.11,205.58,0.62,230.96
2026-02-03 12:17:56.172,4.64,215.40,PRE_ADJUST,1.45,0.06,210.20,0.64,230.96
2026-02-03 12:17:56.391,4.66,214.38,PRE_ADJUST,2.19,0.13,207.76,0.62,230.96
2026-02-03 12:17:56.605,4.77,209.55,PRE_ADJUST,1.24,0.10,204.48,0.59,230.96
2026-02-03 12:17:56.816,4.87,205.28,PRE_ADJUST,1.26,0.09,200.18,0.60,230.96
2026-02-03 12:17:56.892,14.11,70.87,ADJUST,2.11,0.90,64.06,0.69,230.96
2026-02-03 12:17:57.200,3.29,303.68,ADJUST,14.65,116.95,168.99,0.65,230.96
2026-02-03 12:17:57.379,5.75,173.83,ADJUST,2.28,2.07,164.56,0.60,230.96
2026-02-03 12:17:57.559,5.72,174.82,ADJUST,1.33,1.23,168.73,0.66,230.96
2026-02-03 12:17:57.734,5.86,170.63,ADJUST,1.32,1.00,164.96,0.69,230.96
2026-02-03 12:17:57.911,5.83,171.48,ADJUST,1.48,1.58,164.75,0.66,230.96
2026-02-03 12:17:58.192,3.61,276.66,ADJUST,1.24,110.58,161.22,0.62,230.96
2026-02-03 12:17:58.381,5.43,184.28,ADJUST,1.49,1.81,177.53,0.69,230.96
2026-02-03 12:17:58.558,5.82,171.75,ADJUST,1.30,1.58,165.34,0.68,230.96
2026-02-03 12:17:58.734,5.85,171.08,ADJUST,2.17,1.42,164.11,0.63,230.96
2026-02-03 12:17:58.909,5.86,170.55,ADJUST,1.27,1.65,164.47,0.63,230.96
2026-02-03 12:17:59.151,4.22,236.91,ADJUST,1.43,120.73,111.31,0.68,230.96
2026-02-03 12:17:59.294,7.31,136.71,ADJUST,2.80,2.92,127.48,0.66,230.96
2026-02-03 12:17:59.431,7.54,132.56,ADJUST,3.12,1.74,123.34,0.62,230.96
2026-02-03 12:17:59.565,7.76,128.92,ADJUST,3.15,1.86,120.12,0.68,230.96
2026-02-03 12:17:59.701,7.62,131.16,ADJUST,3.45,2.29,121.37,0.67,230.96
2026-02-03 12:17:59.940,4.28,233.53,ADJUST,2.95,112.45,113.91,0.64,230.86
2026-02-03 12:18:00.073,7.80,128.26,ADJUST,2.50,1.98,120.58,0.64,230.86
2026-02-03 12:18:00.199,8.21,121.85,ADJUST,2.69,0.99,115.20,0.65,230.86
2026-02-03 12:18:00.328,8.05,124.25,ADJUST,2.55,2.91,115.79,0.63,230.86
2026-02-03 12:18:00.454,8.27,120.94,ADJUST,2.50,1.95,113.36,0.63,230.86
2026-02-03 12:18:00.764,3.27,305.42,ADJUST,2.64,110.33,189.75,0.62,230.96
2026-02-03 12:18:00.987,4.59,218.06,ADJUST,1.73,2.29,210.34,0.59,230.96
2026-02-03 12:18:01.195,4.94,202.55,ADJUST,1.35,2.08,195.30,0.62,230.96
2026-02-03 12:18:01.399,5.01,199.64,ADJUST,1.36,2.11,192.31,0.62,230.96
2026-02-03 12:18:01.607,4.94,202.32,ADJUST,1.46,1.69,195.34,0.61,230.96
2026-02-03 12:18:01.844,4.29,233.05,ADJUST,1.27,113.32,114.61,0.61,230.96
2026-02-03 12:18:01.986,7.32,136.68,ADJUST,2.52,1.97,128.69,0.91,230.96
2026-02-03 12:18:02.125,7.48,133.69,ADJUST,2.72,2.39,124.54,0.67,230.96
2026-02-03 12:18:02.260,7.68,130.24,ADJUST,2.67,1.94,121.40,0.61,230.96
2026-02-03 12:18:02.394,7.76,128.90,ADJUST,2.84,2.01,120.24,0.61,230.96
2026-02-03 12:18:02.631,4.30,232.79,ADJUST,2.69,113.10,113.09,0.65,230.96
2026-02-03 12:18:02.770,7.51,133.22,ADJUST,2.80,2.03,124.82,0.62,230.96
2026-02-03 12:18:02.908,7.52,132.91,ADJUST,2.65,1.64,124.65,0.60,230.96
2026-02-03 12:18:03.041,7.80,128.17,ADJUST,2.90,2.45,118.81,0.58,230.96
2026-02-03 12:18:03.174,7.77,128.69,ADJUST,2.78,0.96,121.72,0.75,230.96
2026-02-03 12:18:03.411,4.32,231.35,ADJUST,2.46,112.22,112.00,0.65,230.96
2026-02-03 12:18:03.551,7.38,135.45,ADJUST,2.70,1.93,126.81,0.59,230.96
2026-02-03 12:18:03.695,7.27,137.54,ADJUST,4.12,2.27,125.03,0.65,230.96
2026-02-03 12:18:03.827,7.85,127.35,ADJUST,2.85,1.91,118.59,0.60,230.96
2026-02-03 12:18:03.959,7.84,127.57,ADJUST,2.82,2.27,118.60,0.58,230.96
2026-02-03 12:18:04.191,4.37,228.72,ADJUST,1.82,111.07,112.48,0.67,230.96
2026-02-03 12:18:04.331,7.46,134.09,ADJUST,3.01,2.18,125.11,0.81,230.96
2026-02-03 12:18:04.470,7.44,134.41,ADJUST,3.53,2.42,124.39,0.66,230.96
2026-02-03 12:18:04.605,7.73,129.44,ADJUST,3.22,1.27,120.90,0.58,230.96
2026-02-03 12:18:04.737,7.84,127.59,ADJUST,3.19,1.78,118.63,0.59,230.96
2026-02-03 12:18:04.981,4.19,238.59,ADJUST,2.67,116.19,115.89,0.59,230.96
2026-02-03 12:18:05.130,6.95,143.89,ADJUST,2.51,2.15,135.86,0.60,230.96
2026-02-03 12:18:05.266,7.69,129.97,ADJUST,1.56,2.60,120.22,0.58,230.96
2026-02-03 12:18:05.398,7.82,127.87,ADJUST,2.69,2.32,119.68,0.63,230.96
2026-02-03 12:18:05.532,7.77,128.77,ADJUST,2.66,1.95,120.23,0.63,230.96
2026-02-03 12:18:05.755,4.59,217.77,ADJUST,2.95,113.05,98.17,0.58,230.96
2026-02-03 12:18:05.880,8.32,120.24,ADJUST,2.63,2.17,111.60,0.66,230.96
2026-02-03 12:18:06.005,8.33,120.10,ADJUST,2.97,2.40,110.83,0.60,230.96
2026-02-03 12:18:06.127,8.56,116.79,ADJUST,2.65,2.00,108.26,0.58,230.96
2026-02-03 12:18:06.245,8.84,113.17,ADJUST,2.71,2.09,104.76,0.62,230.96
2026-02-03 12:18:06.469,4.57,218.92,ADJUST,2.80,114.81,97.67,0.62,230.96
2026-02-03 12:18:06.594,8.33,120.04,ADJUST,2.54,1.32,112.95,0.59,230.96
2026-02-03 12:18:06.718,8.40,119.10,ADJUST,2.87,2.56,110.52,0.63,230.96
2026-02-03 12:18:06.837,8.77,114.08,ADJUST,2.55,1.97,106.32,0.64,230.96
2026-02-03 12:18:06.960,8.47,118.02,ADJUST,9.76,1.81,101.69,0.59,230.96
2026-02-03 12:18:07.192,4.41,226.93,ADJUST,2.44,119.28,102.19,0.59,230.96
2026-02-03 12:18:07.323,7.91,126.44,ADJUST,2.47,2.53,118.34,0.63,230.96
2026-02-03 12:18:07.446,8.47,118.08,ADJUST,1.60,2.10,110.64,0.62,230.96
2026-02-03 12:18:07.561,9.11,109.77,ADJUST,3.25,1.92,100.15,0.72,230.96
2026-02-03 12:18:07.682,8.60,116.23,ADJUST,16.53,0.98,96.13,0.64,230.96
2026-02-03 12:18:07.899,4.70,212.55,ADJUST,2.43,111.68,95.80,0.63,230.96
2026-02-03 12:18:08.018,8.75,114.31,ADJUST,2.04,2.05,107.37,0.59,230.96
2026-02-03 12:18:08.132,9.15,109.28,ADJUST,1.68,1.92,102.51,0.63,230.96
2026-02-03 12:18:08.246,9.21,108.63,ADJUST,2.04,2.20,101.27,0.63,230.96
2026-02-03 12:18:08.357,9.36,106.83,ADJUST,1.71,1.84,100.04,0.66,230.96
2026-02-03 12:18:08.586,4.47,223.52,ADJUST,1.64,111.01,107.61,0.63,230.96
2026-02-03 12:18:08.713,8.17,122.41,ADJUST,1.69,0.70,116.92,0.61,230.96
2026-02-03 12:18:08.838,8.28,120.74,ADJUST,1.67,1.54,114.21,0.66,230.96
2026-02-03 12:18:08.969,7.98,125.32,ADJUST,8.59,1.36,111.65,0.66,230.96
2026-02-03 12:18:09.095,8.21,121.74,ADJUST,2.60,1.79,113.49,0.63,230.96
2026-02-03 12:18:09.307,4.82,207.30,TAKE_PICTURE,2.73,113.27,87.65,0.66,231.09
2026-02-03 12:18:09.495,5.46,183.20,TAKE_PICTURE,3.21,3.12,172.85,0.60,231.09
2026-02-03 12:18:09.685,5.42,184.66,TAKE_PICTURE,3.22,3.29,174.75,0.64,231.19
2026-02-03 12:18:09.873,5.46,183.18,TAKE_PICTURE,1.38,3.02,174.90,0.76,231.19
2026-02-03 12:18:10.059,5.53,180.85,TAKE_PICTURE,1.59,3.75,170.94,0.63,231.19
2026-02-03 12:18:10.361,3.36,297.50,TAKE_PICTURE,1.44,126.04,166.29,0.66,231.44
2026-02-03 12:18:10.547,5.52,181.10,TAKE_PICTURE,1.29,1.37,174.83,0.66,231.44
2026-02-03 12:18:10.725,5.79,172.63,TAKE_PICTURE,1.28,1.29,166.87,0.63,231.44
2026-02-03 12:18:10.902,5.80,172.32,TAKE_PICTURE,1.27,0.81,166.92,0.62,231.44
2026-02-03 12:18:11.084,5.66,176.67,TAKE_PICTURE,1.27,1.47,170.19,0.63,231.44
2026-02-03 12:18:11.367,3.60,277.96,TAKE_PICTURE,1.33,111.98,161.07,0.64,231.44
2026-02-03 12:18:11.551,5.57,179.51,TAKE_PICTURE,1.29,1.07,173.77,0.63,231.44
2026-02-03 12:18:11.728,5.80,172.41,TAKE_PICTURE,1.31,1.13,166.71,0.60,231.44
2026-02-03 12:18:11.908,5.72,174.84,TAKE_PICTURE,1.36,0.87,168.98,0.62,231.44
2026-02-03 12:18:12.084,5.84,171.22,TAKE_PICTURE,1.36,1.10,165.14,0.59,231.44
2026-02-03 12:18:12.365,3.61,276.86,TAKE_PICTURE,1.38,111.13,160.68,0.61,231.44
2026-02-03 12:18:12.550,5.56,180.01,TAKE_PICTURE,1.26,1.08,174.13,0.68,231.44
2026-02-03 12:18:12.731,5.68,176.20,TAKE_PICTURE,1.26,0.91,170.55,0.63,231.44
2026-02-03 12:18:12.908,5.80,172.41,TAKE_PICTURE,1.31,0.92,166.82,0.62,231.44
2026-02-03 12:18:13.085,5.83,171.63,TAKE_PICTURE,1.48,0.62,166.83,0.68,231.44
2026-02-03 12:18:13.366,3.62,275.94,TAKE_PICTURE,1.37,110.20,160.81,0.63,231.44
2026-02-03 12:18:13.552,5.50,181.78,TAKE_PICTURE,1.26,1.00,176.01,0.62,231.44
2026-02-03 12:18:13.732,5.71,175.10,TAKE_PICTURE,1.40,1.67,168.21,0.69,231.44
2026-02-03 12:18:13.917,5.66,176.74,TAKE_PICTURE,3.47,1.85,165.06,1.25,231.44
2026-02-03 12:18:14.093,5.86,170.56,TAKE_PICTURE,1.29,0.69,165.21,0.62,231.44
2026-02-03 12:18:14.378,3.56,281.22,TAKE_PICTURE,1.81,110.21,166.45,0.72,231.44
2026-02-03 12:18:14.560,5.62,177.89,TAKE_PICTURE,1.25,1.45,172.14,0.60,231.44
2026-02-03 12:18:14.741,5.68,176.07,TAKE_PICTURE,1.38,0.96,170.09,0.63,231.44
2026-02-03 12:18:14.918,5.80,172.35,TAKE_PICTURE,1.24,0.72,167.06,0.63,231.44
2026-02-03 12:18:15.096,5.80,172.53,TAKE_PICTURE,1.26,0.83,167.20,0.59,231.44
2026-02-03 12:18:15.378,3.60,277.83,TAKE_PICTURE,1.28,111.08,162.21,0.63,231.44
2026-02-03 12:18:15.562,5.61,178.35,TAKE_PICTURE,1.28,0.60,172.87,0.88,231.44
2026-02-03 12:18:15.739,5.79,172.79,TAKE_PICTURE,1.49,1.59,165.61,0.59,231.44
2026-02-03 12:18:15.916,5.82,171.84,TAKE_PICTURE,1.33,1.53,165.99,0.58,231.44
2026-02-03 12:18:16.091,5.86,170.68,TAKE_PICTURE,1.30,1.35,164.77,0.59,231.44
2026-02-03 12:18:16.385,3.46,289.08,TAKE_PICTURE,1.22,114.24,170.58,0.68,231.34
2026-02-03 12:18:16.575,5.41,184.76,TAKE_PICTURE,1.34,1.47,177.27,0.99,231.44
2026-02-03 12:18:16.771,5.22,191.51,TAKE_PICTURE,1.51,1.69,183.18,0.61,231.44
2026-02-03 12:18:16.950,5.73,174.57,TAKE_PICTURE,3.13,1.74,165.95,0.70,231.44
2026-02-03 12:18:17.129,5.75,173.81,TAKE_PICTURE,1.35,1.79,166.75,0.63,231.44
2026-02-03 12:18:17.412,3.60,277.91,TAKE_PICTURE,1.49,111.40,161.42,0.61,231.44
2026-02-03 12:18:17.597,5.52,181.18,TAKE_PICTURE,1.26,1.65,173.77,0.60,231.44
2026-02-03 12:18:17.773,5.85,170.89,TAKE_PICTURE,1.27,0.63,165.53,0.58,231.44
2026-02-03 12:18:17.949,5.85,170.91,TAKE_PICTURE,1.39,0.69,165.24,0.60,231.44
2026-02-03 12:18:18.123,5.89,169.77,TAKE_PICTURE,2.48,0.95,163.33,0.61,231.44
2026-02-03 12:18:18.409,3.56,281.08,TAKE_PICTURE,1.29,115.82,160.30,0.61,231.44
2026-02-03 12:18:18.599,5.40,185.18,TAKE_PICTURE,1.74,1.79,177.88,0.69,231.44
2026-02-03 12:18:18.781,5.64,177.27,TAKE_PICTURE,1.32,1.46,170.75,0.69,231.44
2026-02-03 12:18:18.961,5.74,174.27,TAKE_PICTURE,1.28,1.39,167.92,0.61,231.44
2026-02-03 12:18:19.138,5.80,172.46,TAKE_PICTURE,1.51,1.48,166.49,0.63,231.44
2026-02-03 12:18:19.430,3.48,287.22,TAKE_PICTURE,3.17,118.75,160.85,0.59,231.44
2026-02-03 12:18:19.614,5.58,179.19,TAKE_PICTURE,1.34,0.64,173.59,0.64,231.44
2026-02-03 12:18:19.792,5.79,172.83,TAKE_PICTURE,1.99,0.67,166.59,0.64,231.44
2026-02-03 12:18:19.969,5.79,172.80,TAKE_PICTURE,1.29,0.86,167.09,0.64,231.44
2026-02-03 12:18:20.146,5.83,171.66,TAKE_PICTURE,1.54,1.23,165.70,0.61,231.44
2026-02-03 12:18:20.428,3.59,278.17,TAKE_PICTURE,1.38,111.84,161.87,0.60,231.44
2026-02-03 12:18:20.614,5.52,181.13,TAKE_PICTURE,1.45,1.20,174.82,0.75,231.44
2026-02-03 12:18:20.794,5.73,174.59,TAKE_PICTURE,1.35,1.06,168.23,1.05,231.44
2026-02-03 12:18:20.970,5.84,171.37,TAKE_PICTURE,1.51,1.08,166.06,0.61,231.44
2026-02-03 12:18:21.149,5.75,173.78,TAKE_PICTURE,1.35,1.28,167.99,0.60,231.44
2026-02-03 12:18:21.443,3.46,289.41,TAKE_PICTURE,1.43,117.08,167.75,0.65,231.44
2026-02-03 12:18:21.636,5.29,188.97,TAKE_PICTURE,2.44,1.62,181.11,0.64,231.44
2026-02-03 12:18:21.829,5.33,187.61,TAKE_PICTURE,1.55,1.64,180.39,0.69,231.44
2026-02-03 12:18:22.006,5.84,171.33,TAKE_PICTURE,1.40,0.60,166.01,0.60,231.44
2026-02-03 12:18:22.182,5.83,171.67,TAKE_PICTURE,1.37,0.61,165.84,0.67,231.44
2026-02-03 12:18:22.469,3.55,282.07,TAKE_PICTURE,1.31,115.03,161.96,0.61,231.44
2026-02-03 12:18:22.652,5.62,177.94,TAKE_PICTURE,1.33,1.29,171.59,1.03,231.44
2026-02-03 12:18:22.828,5.84,171.27,TAKE_PICTURE,1.33,0.75,165.56,0.62,231.44
2026-02-03 12:18:23.005,5.81,172.00,TAKE_PICTURE,1.60,1.02,165.93,0.61,231.44
2026-02-03 12:18:23.181,5.83,171.49,TAKE_PICTURE,1.37,1.56,164.89,0.63,231.44
2026-02-03 12:18:23.469,3.53,283.16,TAKE_PICTURE,1.35,116.55,161.95,0.74,231.44
2026-02-03 12:18:23.655,5.53,180.94,TAKE_PICTURE,1.43,1.38,174.67,0.62,231.44
2026-02-03 12:18:23.837,5.63,177.58,TAKE_PICTURE,2.21,1.26,170.45,0.67,231.44
2026-02-03 12:18:24.014,5.80,172.27,TAKE_PICTURE,1.39,0.96,166.49,0.62,231.44
2026-02-03 12:18:24.188,5.86,170.51,TAKE_PICTURE,1.75,1.18,164.92,0.63,231.44
2026-02-03 12:18:24.471,3.60,277.86,TAKE_PICTURE,1.38,111.51,161.33,0.63,231.44
2026-02-03 12:18:24.656,5.55,180.33,TAKE_PICTURE,1.25,1.35,174.02,0.67,231.44
2026-02-03 12:18:24.834,5.76,173.53,TAKE_PICTURE,1.31,0.95,167.67,0.66,231.44
2026-02-03 12:18:25.010,5.84,171.29,TAKE_PICTURE,1.33,1.37,164.87,0.64,231.44
2026-02-03 12:18:25.186,5.85,171.05,TAKE_PICTURE,1.36,1.42,164.72,0.69,231.44
2026-02-03 12:18:25.470,3.59,278.58,TAKE_PICTURE,1.37,113.71,160.16,0.63,231.44
2026-02-03 12:18:25.654,5.58,179.15,TAKE_PICTURE,1.33,1.20,173.25,0.71,231.44
2026-02-03 12:18:25.835,5.67,176.49,TAKE_PICTURE,1.32,1.56,169.69,0.63,231.44
2026-02-03 12:18:26.012,5.79,172.65,TAKE_PICTURE,1.26,0.78,166.82,0.64,231.44
2026-02-03 12:18:26.189,5.81,171.98,TAKE_PICTURE,1.41,1.28,165.67,0.67,231.44
2026-02-03 12:18:26.478,3.52,283.74,TAKE_PICTURE,1.37,117.93,160.76,0.60,231.44
2026-02-03 12:18:26.665,5.47,182.98,TAKE_PICTURE,1.28,1.57,176.17,0.65,231.44
2026-02-03 12:18:26.847,5.65,176.92,TAKE_PICTURE,3.10,1.40,167.51,0.59,231.44
2026-02-03 12:18:27.026,5.75,173.84,TAKE_PICTURE,1.39,1.68,166.55,0.61,231.44
2026-02-03 12:18:27.205,5.80,172.42,TAKE_PICTURE,1.99,1.59,165.39,0.62,231.44
2026-02-03 12:18:27.495,3.51,285.03,TAKE_PICTURE,1.32,119.50,160.64,0.59,231.44
2026-02-03 12:18:27.677,5.65,176.92,TAKE_PICTURE,1.27,0.63,171.34,0.61,231.44
2026-02-03 12:18:27.855,5.77,173.31,TAKE_PICTURE,1.39,0.69,167.65,0.66,231.44
2026-02-03 12:18:28.030,5.86,170.65,TAKE_PICTURE,1.36,0.76,165.01,0.60,231.44
2026-02-03 12:18:28.205,5.88,169.97,TAKE_PICTURE,1.35,0.75,164.26,0.67,231.44
2026-02-03 12:18:28.486,3.62,275.93,TAKE_PICTURE,1.33,110.50,160.50,0.58,231.44
2026-02-03 12:18:28.670,5.56,179.91,TAKE_PICTURE,1.23,0.82,174.31,0.67,231.44
2026-02-03 12:18:28.848,5.78,172.96,TAKE_PICTURE,1.30,1.14,166.80,0.61,231.44
2026-02-03 12:18:29.026,5.78,172.93,TAKE_PICTURE,1.31,1.38,166.50,0.62,231.44
2026-02-03 12:18:29.203,5.80,172.36,TAKE_PICTURE,1.27,1.44,165.87,0.63,231.44
2026-02-03 12:18:29.489,3.55,281.43,TAKE_PICTURE,1.31,115.99,160.44,0.70,231.44
2026-02-03 12:18:29.675,5.52,181.03,TAKE_PICTURE,1.42,0.99,174.92,0.65,231.44
2026-02-03 12:18:29.852,5.80,172.42,TAKE_PICTURE,1.34,0.70,166.68,0.63,231.44
2026-02-03 12:18:30.029,5.80,172.36,TAKE_PICTURE,1.55,0.66,166.59,0.63,231.44
2026-02-03 12:18:30.205,5.85,171.02,TAKE_PICTURE,1.38,0.72,165.22,0.68,231.44
2026-02-03 12:18:30.497,3.48,287.60,TAKE_PICTURE,1.60,121.24,161.09,0.62,231.44
2026-02-03 12:18:30.686,5.44,183.94,TAKE_PICTURE,1.54,0.94,177.81,0.59,231.44
2026-02-03 12:18:30.865,5.74,174.34,TAKE_PICTURE,1.24,0.65,169.17,0.61,231.44
2026-02-03 12:18:31.043,5.78,173.02,TAKE_PICTURE,1.25,1.47,167.26,0.60,231.44
2026-02-03 12:18:31.220,5.82,171.75,TAKE_PICTURE,1.37,1.07,166.01,0.59,231.44
2026-02-03 12:18:31.501,3.61,277.00,TAKE_PICTURE,1.26,111.83,160.63,0.59,231.44
2026-02-03 12:18:31.684,5.62,177.97,TAKE_PICTURE,1.24,0.69,172.72,0.58,231.44
2026-02-03 12:18:31.866,5.64,177.17,TAKE_PICTURE,1.35,1.44,171.13,0.65,231.44
2026-02-03 12:18:32.043,5.83,171.60,TAKE_PICTURE,1.27,1.22,166.48,0.62,231.44
2026-02-03 12:18:32.224,5.66,176.55,TAKE_PICTURE,2.01,1.44,166.82,0.59,231.44
2026-02-03 12:18:32.506,3.60,277.65,TAKE_PICTURE,1.32,110.26,162.96,0.63,231.44
2026-02-03 12:18:32.691,5.55,180.31,TAKE_PICTURE,1.23,0.68,174.84,0.60,231.44
2026-02-03 12:18:32.876,5.58,179.18,TAKE_PICTURE,1.45,2.15,171.72,0.60,231.44
2026-02-03 12:18:33.055,5.74,174.18,TAKE_PICTURE,1.38,0.60,168.43,0.62,231.44
2026-02-03 12:18:33.232,5.77,173.21,TAKE_PICTURE,1.28,1.64,166.36,0.60,231.44
2026-02-03 12:18:33.526,3.46,288.67,TAKE_PICTURE,1.46,120.31,162.95,0.68,231.44
2026-02-03 12:18:33.712,5.51,181.42,TAKE_PICTURE,1.29,1.74,174.29,0.68,231.44
2026-02-03 12:18:33.891,5.76,173.60,TAKE_PICTURE,1.44,1.72,166.48,0.87,231.44
2026-02-03 12:18:34.068,5.78,172.97,TAKE_PICTURE,1.44,1.98,165.72,0.62,231.44
2026-02-03 12:18:34.241,5.92,168.83,TAKE_PICTURE,1.74,0.61,163.76,0.64,231.44
2026-02-03 12:18:34.535,3.46,289.33,TAKE_PICTURE,1.36,117.36,167.11,0.60,231.44
2026-02-03 12:18:34.724,5.43,184.19,TAKE_PICTURE,1.28,1.92,176.84,0.64,231.44
2026-02-03 12:18:34.901,5.82,171.78,TAKE_PICTURE,1.41,1.53,165.17,0.63,231.44
2026-02-03 12:18:35.082,5.72,174.80,TAKE_PICTURE,2.47,1.72,167.51,0.62,231.44
2026-02-03 12:18:35.260,5.78,172.91,TAKE_PICTURE,1.23,2.04,166.91,0.59,231.44
2026-02-03 12:18:35.541,3.63,275.79,TAKE_PICTURE,1.33,110.76,160.27,0.63,231.44
2026-02-03 12:18:35.724,5.61,178.36,TAKE_PICTURE,1.41,1.14,172.14,0.61,231.44
2026-02-03 12:18:35.899,5.88,169.99,TAKE_PICTURE,1.47,0.94,164.18,0.69,231.44
2026-02-03 12:18:36.074,5.87,170.33,TAKE_PICTURE,1.29,1.11,164.60,0.62,231.44
2026-02-03 12:18:36.249,5.86,170.74,TAKE_PICTURE,1.24,1.10,164.93,0.63,231.44
2026-02-03 12:18:36.544,3.45,289.79,TAKE_PICTURE,1.33,122.90,162.24,0.61,231.44
2026-02-03 12:18:36.731,5.47,182.89,TAKE_PICTURE,1.56,1.13,175.93,0.66,231.44
2026-02-03 12:18:36.909,5.80,172.53,TAKE_PICTURE,1.52,0.66,166.98,0.60,231.44
2026-02-03 12:18:37.087,5.77,173.17,TAKE_PICTURE,1.42,1.09,167.34,0.64,231.44
2026-02-03 12:18:37.261,5.88,169.95,TAKE_PICTURE,1.28,0.99,164.31,0.62,231.44
2026-02-03 12:18:37.547,3.57,280.45,TAKE_PICTURE,1.53,114.60,160.34,0.65,231.44
2026-02-03 12:18:37.732,5.53,180.86,TAKE_PICTURE,1.28,0.95,174.99,0.63,231.44
2026-02-03 12:18:37.909,5.79,172.57,TAKE_PICTURE,1.39,0.82,166.73,0.67,231.44
2026-02-03 12:18:38.085,5.87,170.35,TAKE_PICTURE,1.27,2.05,164.27,0.64,231.44
2026-02-03 12:18:38.259,5.91,169.22,TAKE_PICTURE,1.47,0.89,163.62,0.61,231.44
2026-02-03 12:18:38.543,3.58,279.12,TAKE_PICTURE,1.31,113.79,160.54,0.64,231.44
2026-02-03 12:18:38.733,5.40,185.04,TAKE_PICTURE,1.26,2.00,179.01,0.61,231.34
2026-02-03 12:18:38.914,5.67,176.47,TAKE_PICTURE,1.61,1.75,169.33,0.60,231.34
2026-02-03 12:18:39.090,5.83,171.49,TAKE_PICTURE,1.28,1.58,164.92,0.67,231.34
2026-02-03 12:18:39.267,5.81,172.23,TAKE_PICTURE,1.39,1.64,165.43,0.62,231.34
2026-02-03 12:18:39.553,3.56,280.62,TAKE_PICTURE,1.29,112.00,163.60,0.62,231.34
2026-02-03 12:18:39.743,5.40,185.22,TAKE_PICTURE,1.73,1.60,178.09,0.70,231.34
2026-02-03 12:18:39.920,5.78,172.95,TAKE_PICTURE,1.27,1.48,166.80,0.60,231.34
2026-02-03 12:18:40.096,5.84,171.32,TAKE_PICTURE,1.94,0.71,164.89,0.64,231.34
2026-02-03 12:18:40.275,5.76,173.75,TAKE_PICTURE,1.44,1.61,166.96,0.63,231.34
2026-02-03 12:18:40.554,3.64,274.68,TAKE_PICTURE,1.26,110.90,158.75,0.67,231.34
2026-02-03 12:18:40.738,5.60,178.57,TAKE_PICTURE,1.29,1.43,172.07,0.66,231.34
2026-02-03 12:18:40.918,5.71,175.16,TAKE_PICTURE,3.11,0.71,167.94,0.61,231.34
2026-02-03 12:18:41.098,5.72,174.89,TAKE_PICTURE,1.26,1.45,168.63,0.62,231.34
2026-02-03 12:18:41.275,5.80,172.30,TAKE_PICTURE,1.32,1.31,165.82,0.73,231.34
2026-02-03 12:18:41.557,3.61,277.09,TAKE_PICTURE,1.25,112.38,159.99,0.63,231.34
2026-02-03 12:18:41.745,5.46,183.18,TAKE_PICTURE,1.46,1.21,177.04,0.64,231.34
2026-02-03 12:18:41.922,5.80,172.43,TAKE_PICTURE,1.37,1.31,166.19,0.60,231.34
2026-02-03 12:18:42.100,5.77,173.44,TAKE_PICTURE,1.34,1.63,166.59,0.65,231.34
2026-02-03 12:18:42.277,5.82,171.81,TAKE_PICTURE,1.32,1.45,165.34,0.59,231.34
2026-02-03 12:18:42.558,3.62,276.19,TAKE_PICTURE,1.37,111.35,159.52,0.59,231.34
2026-02-03 12:18:42.742,5.56,179.71,TAKE_PICTURE,1.36,1.48,173.05,0.60,231.34
2026-02-03 12:18:42.918,5.83,171.54,TAKE_PICTURE,1.26,1.37,166.21,0.63,231.34
2026-02-03 12:18:43.095,5.81,172.10,TAKE_PICTURE,1.28,1.34,165.60,0.60,231.34
2026-02-03 12:18:43.272,5.83,171.62,TAKE_PICTURE,1.33,1.43,165.12,0.62,231.34
2026-02-03 12:18:43.559,3.55,281.94,TAKE_PICTURE,1.25,116.66,160.20,0.65,231.34
2026-02-03 12:18:43.744,5.55,180.29,TAKE_PICTURE,1.31,1.45,173.63,0.64,231.34
2026-02-03 12:18:43.921,5.78,172.95,TAKE_PICTURE,1.28,1.45,166.41,0.62,231.34
2026-02-03 12:18:44.102,5.69,175.84,TAKE_PICTURE,1.28,1.61,168.94,0.58,231.34
2026-02-03 12:18:44.276,5.86,170.59,TAKE_PICTURE,1.72,0.60,165.49,0.71,231.34
2026-02-03 12:18:44.566,3.51,284.64,TAKE_PICTURE,1.35,118.34,161.41,0.59,231.34
2026-02-03 12:18:44.748,5.62,177.90,TAKE_PICTURE,1.29,0.74,172.24,0.63,231.34
2026-02-03 12:18:44.925,5.80,172.30,TAKE_PICTURE,1.49,0.79,166.44,0.69,231.34
2026-02-03 12:18:45.098,5.94,168.21,TAKE_PICTURE,1.33,1.00,162.56,0.65,231.34
2026-02-03 12:18:45.271,5.94,168.34,TAKE_PICTURE,1.36,1.11,162.68,0.60,231.34
2026-02-03 12:18:45.555,3.58,279.21,TAKE_PICTURE,1.26,114.28,160.24,0.62,231.34
2026-02-03 12:18:45.736,5.70,175.42,TAKE_PICTURE,1.91,0.97,169.45,0.70,231.34
2026-02-03 12:18:45.912,5.84,171.14,TAKE_PICTURE,1.45,0.90,165.26,0.59,231.34
2026-02-03 12:18:46.085,5.94,168.21,TAKE_PICTURE,1.27,0.85,162.63,0.60,231.34
2026-02-03 12:18:46.257,5.96,167.89,TAKE_PICTURE,1.35,0.79,162.28,0.59,231.34
2026-02-03 12:18:46.545,3.54,282.80,TAKE_PICTURE,1.27,118.46,159.65,0.65,231.34
2026-02-03 12:18:46.734,5.44,183.81,TAKE_PICTURE,1.32,2.16,176.45,0.61,231.34
2026-02-03 12:18:46.909,5.87,170.40,TAKE_PICTURE,1.26,2.11,164.32,0.64,231.34
2026-02-03 12:18:47.082,5.93,168.71,TAKE_PICTURE,1.38,0.63,164.13,0.61,231.34
2026-02-03 12:18:47.255,5.94,168.35,TAKE_PICTURE,1.39,1.32,162.41,0.61,231.34
2026-02-03 12:18:47.535,3.64,274.65,TAKE_PICTURE,1.29,111.62,158.46,0.79,231.34
2026-02-03 12:18:47.713,5.77,173.37,TAKE_PICTURE,1.30,0.97,167.60,0.72,231.34
2026-02-03 12:18:47.885,5.96,167.84,TAKE_PICTURE,1.62,1.02,161.76,0.61,231.34
2026-02-03 12:18:48.058,5.96,167.77,TAKE_PICTURE,1.29,0.82,162.13,0.59,231.34
2026-02-03 12:18:48.232,5.90,169.44,TAKE_PICTURE,1.29,1.28,163.64,0.60,231.34
2026-02-03 12:18:48.512,3.63,275.28,TAKE_PICTURE,1.38,112.95,158.29,0.62,231.34
2026-02-03 12:18:48.698,5.54,180.63,TAKE_PICTURE,1.96,1.20,173.13,0.60,231.34
2026-02-03 12:18:48.877,5.74,174.28,TAKE_PICTURE,2.92,0.74,166.88,0.85,231.34
2026-02-03 12:18:49.053,5.83,171.61,TAKE_PICTURE,1.32,0.92,165.82,0.61,231.34
2026-02-03 12:18:49.227,5.92,168.93,TAKE_PICTURE,1.25,0.63,164.01,0.58,231.34
2026-02-03 12:18:49.520,3.46,288.86,TAKE_PICTURE,1.28,116.65,167.31,0.58,231.34
2026-02-03 12:18:49.711,5.38,186.04,TAKE_PICTURE,1.34,1.50,179.55,0.63,231.34
2026-02-03 12:18:49.895,5.57,179.43,TAKE_PICTURE,1.34,1.29,173.07,0.62,231.34
2026-02-03 12:18:50.073,5.79,172.57,TAKE_PICTURE,1.29,1.56,165.73,0.72,231.34
2026-02-03 12:18:50.249,5.82,171.75,TAKE_PICTURE,1.61,1.81,164.55,0.60,231.34
2026-02-03 12:18:50.530,3.63,275.44,TAKE_PICTURE,1.31,111.06,159.31,0.63,231.34
2026-02-03 12:18:50.714,5.55,180.12,TAKE_PICTURE,1.27,1.50,173.52,0.64,231.34
2026-02-03 12:18:50.895,5.69,175.68,TAKE_PICTURE,1.29,2.88,167.50,0.61,231.44
2026-02-03 12:18:51.073,5.79,172.69,TAKE_PICTURE,2.94,1.47,164.06,0.65,231.44
2026-02-03 12:18:51.251,5.79,172.80,TAKE_PICTURE,1.31,0.70,166.54,0.72,231.44
2026-02-03 12:18:51.534,3.59,278.50,TAKE_PICTURE,1.27,113.28,160.55,0.61,231.44
2026-02-03 12:18:51.714,5.71,175.24,TAKE_PICTURE,1.29,0.84,169.67,0.62,231.44
2026-02-03 12:18:51.891,5.79,172.63,TAKE_PICTURE,1.30,0.81,167.07,0.59,231.44
2026-02-03 12:18:52.068,5.81,172.18,TAKE_PICTURE,1.33,0.85,166.71,0.60,231.44
2026-02-03 12:18:52.254,5.54,180.51,TAKE_PICTURE,1.78,0.56,174.32,0.71,231.44
2026-02-03 12:18:52.551,3.42,292.16,TAKE_PICTURE,1.63,125.60,161.15,0.61,231.44
2026-02-03 12:18:52.735,5.58,179.10,TAKE_PICTURE,1.32,1.65,172.01,0.65,231.44
2026-02-03 12:18:52.912,5.86,170.69,TAKE_PICTURE,1.77,0.73,165.26,0.60,231.44
2026-02-03 12:18:53.087,5.87,170.24,TAKE_PICTURE,1.42,0.82,164.43,0.63,231.44
2026-02-03 12:18:53.260,5.95,168.03,TAKE_PICTURE,1.26,0.62,162.75,0.61,231.44
2026-02-03 12:18:53.543,3.58,279.05,TAKE_PICTURE,1.32,115.97,158.14,0.63,231.44
2026-02-03 12:18:53.723,5.73,174.40,TAKE_PICTURE,1.41,0.62,168.68,0.75,231.44
2026-02-03 12:18:53.899,5.81,172.09,TAKE_PICTURE,1.27,0.61,166.56,0.60,231.44
2026-02-03 12:18:54.072,5.96,167.88,TAKE_PICTURE,1.35,0.71,162.27,0.68,231.44
2026-02-03 12:18:54.245,5.91,169.06,TAKE_PICTURE,1.75,0.60,164.01,0.62,231.44
2026-02-03 12:18:54.526,3.62,275.98,TAKE_PICTURE,1.37,111.98,159.14,0.64,231.44
2026-02-03 12:18:54.706,5.70,175.36,TAKE_PICTURE,1.27,0.98,169.77,0.62,231.44
2026-02-03 12:18:54.879,5.93,168.58,TAKE_PICTURE,1.27,0.94,162.99,0.64,231.44
2026-02-03 12:18:55.052,5.93,168.56,TAKE_PICTURE,1.41,0.66,162.95,0.60,231.44
2026-02-03 12:18:55.229,5.83,171.48,TAKE_PICTURE,1.42,0.80,165.83,0.61,231.44
2026-02-03 12:18:55.513,3.58,279.22,TAKE_PICTURE,1.48,114.22,160.07,0.62,231.44
2026-02-03 12:18:55.696,5.59,178.80,TAKE_PICTURE,1.42,0.91,172.77,0.62,231.44
2026-02-03 12:18:55.872,5.86,170.73,TAKE_PICTURE,1.48,0.79,164.85,0.61,231.44
2026-02-03 12:18:56.048,5.84,171.17,TAKE_PICTURE,1.32,0.59,165.94,0.60,231.44
2026-02-03 12:18:56.224,5.84,171.12,TAKE_PICTURE,1.38,1.30,164.71,0.65,231.44
2026-02-03 12:18:56.514,3.50,285.50,TAKE_PICTURE,1.31,121.47,158.86,0.69,231.44
2026-02-03 12:18:56.699,5.56,179.73,TAKE_PICTURE,1.56,1.45,172.71,0.70,231.44
2026-02-03 12:18:56.877,5.76,173.65,TAKE_PICTURE,1.31,1.16,167.33,0.65,231.44
2026-02-03 12:18:57.051,5.91,169.11,TAKE_PICTURE,1.42,1.38,163.22,0.63,231.44
2026-02-03 12:18:57.227,5.84,171.30,TAKE_PICTURE,1.26,1.48,164.19,1.33,231.44
2026-02-03 12:18:57.507,3.63,275.41,TAKE_PICTURE,1.28,111.18,159.19,0.60,231.44
2026-02-03 12:18:57.693,5.54,180.35,TAKE_PICTURE,2.28,1.37,173.31,0.60,231.44
2026-02-03 12:18:57.872,5.74,174.18,TAKE_PICTURE,1.51,1.12,167.94,0.63,231.44
2026-02-03 12:18:58.047,5.88,170.15,TAKE_PICTURE,1.48,0.90,164.23,0.62,231.44
2026-02-03 12:18:58.223,5.82,171.76,TAKE_PICTURE,1.26,0.95,166.20,0.60,231.44
2026-02-03 12:18:58.505,3.61,277.05,TAKE_PICTURE,1.50,111.51,160.98,0.61,231.44
2026-02-03 12:18:58.691,5.52,181.21,TAKE_PICTURE,1.70,1.73,173.10,0.60,231.44
2026-02-03 12:18:58.869,5.76,173.50,TAKE_PICTURE,3.10,1.13,166.39,0.63,231.44
2026-02-03 12:18:59.045,5.87,170.49,TAKE_PICTURE,1.29,1.09,164.42,0.97,231.44
2026-02-03 12:18:59.218,5.93,168.56,TAKE_PICTURE,1.39,0.75,162.93,0.61,231.44
2026-02-03 12:18:59.497,3.64,274.56,TAKE_PICTURE,1.31,110.11,159.61,0.61,231.44
2026-02-03 12:18:59.685,5.48,182.58,TAKE_PICTURE,2.57,1.79,173.18,1.77,231.44
2026-02-03 12:18:59.863,5.77,173.41,TAKE_PICTURE,1.92,0.76,166.85,0.58,231.44
2026-02-03 12:19:00.039,5.85,170.90,TAKE_PICTURE,1.22,0.99,165.16,0.65,231.44
2026-02-03 12:19:00.215,5.83,171.63,TAKE_PICTURE,1.29,0.95,165.92,0.63,231.44
2026-02-03 12:19:00.508,3.48,287.61,TAKE_PICTURE,1.36,123.22,159.64,0.59,231.44
2026-02-03 12:19:00.688,5.69,175.62,TAKE_PICTURE,1.36,1.18,169.33,0.59,231.44
2026-02-03 12:19:00.865,5.82,171.95,TAKE_PICTURE,1.30,1.50,165.67,0.61,231.44
2026-02-03 12:19:01.045,5.71,175.13,TAKE_PICTURE,1.34,1.59,168.52,0.59,231.44
2026-02-03 12:19:01.221,5.82,171.76,TAKE_PICTURE,1.34,1.57,165.14,0.61,231.44
2026-02-03 12:19:01.512,3.50,285.48,TAKE_PICTURE,1.30,120.20,160.28,0.61,231.44
2026-02-03 12:19:01.697,5.53,180.91,TAKE_PICTURE,1.29,1.46,174.09,0.63,231.44
2026-02-03 12:19:01.878,5.69,175.87,TAKE_PICTURE,1.93,0.92,169.20,0.60,231.44
2026-02-03 12:19:02.056,5.76,173.48,TAKE_PICTURE,1.35,1.55,166.77,0.71,231.44
2026-02-03 12:19:02.237,5.68,176.15,TAKE_PICTURE,1.64,1.69,168.35,0.59,231.44
2026-02-03 12:19:02.537,3.40,294.35,TAKE_PICTURE,1.39,120.00,169.27,0.63,231.44
2026-02-03 12:19:02.723,5.50,181.81,TAKE_PICTURE,1.35,2.00,174.14,0.95,231.44
2026-02-03 12:19:02.901,5.78,172.92,TAKE_PICTURE,1.25,0.91,167.27,0.65,231.44
2026-02-03 12:19:03.077,5.83,171.53,TAKE_PICTURE,1.33,1.68,164.84,0.62,231.44
2026-02-03 12:19:03.255,5.80,172.27,TAKE_PICTURE,3.06,1.40,163.81,0.64,231.44
2026-02-03 12:19:03.541,3.56,280.58,TAKE_PICTURE,1.44,112.25,162.97,0.62,231.44
2026-02-03 12:19:03.728,5.48,182.44,TAKE_PICTURE,1.36,2.10,174.95,0.66,231.44
2026-02-03 12:19:03.908,5.74,174.15,TAKE_PICTURE,1.54,2.02,166.49,0.67,231.44
2026-02-03 12:19:04.082,5.93,168.76,TAKE_PICTURE,1.39,1.21,162.72,0.64,231.44
2026-02-03 12:19:04.256,5.91,169.09,TAKE_PICTURE,1.43,1.45,162.61,0.68,231.44
2026-02-03 12:19:04.535,3.64,274.88,TAKE_PICTURE,1.27,111.67,158.78,0.63,231.44
2026-02-03 12:19:04.713,5.78,173.00,TAKE_PICTURE,1.26,0.92,167.38,0.64,231.44
2026-02-03 12:19:04.887,5.92,168.87,TAKE_PICTURE,1.31,0.96,163.20,0.67,231.44
2026-02-03 12:19:05.061,5.90,169.51,TAKE_PICTURE,1.33,0.67,164.28,0.63,231.44
2026-02-03 12:19:05.235,5.92,168.85,TAKE_PICTURE,1.31,1.27,163.04,0.66,231.44
2026-02-03 12:19:05.519,3.58,279.24,TAKE_PICTURE,2.17,116.10,157.40,0.63,231.44
2026-02-03 12:19:05.706,5.49,182.27,TAKE_PICTURE,1.49,1.57,174.17,0.63,231.44
2026-02-03 12:19:05.885,5.73,174.49,TAKE_PICTURE,1.45,1.46,167.87,0.60,231.44
2026-02-03 12:19:06.063,5.79,172.76,TAKE_PICTURE,1.38,1.49,166.17,0.63,231.44
2026-02-03 12:19:06.238,5.85,170.84,TAKE_PICTURE,1.36,1.56,164.09,0.61,231.44
2026-02-03 12:19:06.518,3.64,274.96,TAKE_PICTURE,1.38,111.23,158.28,0.60,231.44
2026-02-03 12:19:06.701,5.60,178.59,TAKE_PICTURE,1.31,1.41,172.20,0.64,231.44
2026-02-03 12:19:06.879,5.78,172.95,TAKE_PICTURE,1.30,1.56,166.48,0.61,231.44
2026-02-03 12:19:07.055,5.84,171.35,TAKE_PICTURE,1.33,1.51,164.79,0.63,231.44
2026-02-03 12:19:07.234,5.73,174.56,TAKE_PICTURE,1.31,1.60,167.73,0.72,231.44
2026-02-03 12:19:07.517,3.59,278.23,TAKE_PICTURE,1.32,112.74,161.60,0.64,231.44
2026-02-03 12:19:07.708,5.39,185.67,TAKE_PICTURE,1.29,1.54,178.81,0.75,231.44
2026-02-03 12:19:07.886,5.78,172.98,TAKE_PICTURE,1.82,1.75,164.97,0.70,231.44
2026-02-03 12:19:08.060,5.91,169.07,TAKE_PICTURE,1.58,1.17,161.97,0.61,231.44
2026-02-03 12:19:08.238,5.77,173.32,TAKE_PICTURE,1.64,1.03,166.66,0.62,231.44
2026-02-03 12:19:08.520,3.61,277.38,TAKE_PICTURE,1.32,111.40,160.44,1.24,231.44
2026-02-03 12:19:08.705,5.56,179.80,TAKE_PICTURE,1.38,1.67,172.91,0.70,231.44
2026-02-03 12:19:08.884,5.73,174.43,TAKE_PICTURE,1.45,1.60,167.32,0.81,231.44
2026-02-03 12:19:09.063,5.75,173.87,TAKE_PICTURE,1.30,2.49,166.03,0.70,231.44
2026-02-03 12:19:09.239,5.84,171.38,TAKE_PICTURE,1.33,1.31,165.52,0.59,231.44
2026-02-03 12:19:09.527,3.53,283.25,TAKE_PICTURE,1.31,120.00,158.77,0.65,231.44
2026-02-03 12:19:09.712,5.54,180.64,TAKE_PICTURE,1.45,1.12,174.51,0.61,231.44
2026-02-03 12:19:09.896,5.58,179.06,TAKE_PICTURE,5.02,1.84,167.88,0.72,231.44
2026-02-03 12:19:10.074,5.78,172.89,TAKE_PICTURE,1.46,2.25,165.00,0.74,231.44
2026-02-03 12:19:10.251,5.82,171.74,TAKE_PICTURE,1.28,1.61,164.59,0.68,231.44
2026-02-03 12:19:10.533,3.61,277.36,TAKE_PICTURE,1.36,114.15,158.42,0.62,231.44
2026-02-03 12:19:10.716,5.61,178.37,TAKE_PICTURE,1.42,1.88,171.15,0.60,231.44
2026-02-03 12:19:10.895,5.74,174.18,TAKE_PICTURE,1.28,1.77,167.19,0.69,231.44
2026-02-03 12:19:11.070,5.86,170.68,TAKE_PICTURE,1.23,0.98,165.91,0.63,231.44
2026-02-03 12:19:11.246,5.84,171.36,TAKE_PICTURE,1.37,1.33,163.51,0.67,231.44
2026-02-03 12:19:11.530,3.58,279.43,TAKE_PICTURE,1.97,113.14,159.84,0.70,231.44
2026-02-03 12:19:11.714,5.59,178.85,TAKE_PICTURE,1.29,1.35,172.95,0.65,231.44
2026-02-03 12:19:11.891,5.82,171.84,TAKE_PICTURE,1.56,0.58,163.28,0.66,231.44
2026-02-03 12:19:12.064,5.92,169.05,TAKE_PICTURE,1.43,1.29,163.05,0.65,231.44
2026-02-03 12:19:12.239,5.89,169.85,TAKE_PICTURE,1.44,0.65,164.22,0.63,231.44
2026-02-03 12:19:12.519,3.63,275.56,TAKE_PICTURE,1.34,111.43,159.58,0.61,231.44
2026-02-03 12:19:12.701,5.66,176.73,TAKE_PICTURE,1.32,1.33,170.67,0.70,231.44
2026-02-03 12:19:12.876,5.88,169.94,TAKE_PICTURE,1.45,0.66,164.35,0.63,231.44
2026-02-03 12:19:13.051,5.87,170.29,TAKE_PICTURE,1.97,1.36,163.43,0.63,231.44
2026-02-03 12:19:13.225,5.90,169.35,TAKE_PICTURE,1.27,1.03,163.69,0.61,231.44
2026-02-03 12:19:13.505,3.64,275.02,TAKE_PICTURE,1.33,111.96,158.56,0.60,231.44
2026-02-03 12:19:13.688,5.58,179.08,TAKE_PICTURE,1.40,1.36,173.14,0.60,231.44
2026-02-03 12:19:13.865,5.83,171.41,TAKE_PICTURE,1.42,1.39,165.41,0.64,231.44
2026-02-03 12:19:14.040,5.85,170.92,TAKE_PICTURE,1.39,1.48,164.47,0.64,231.44
2026-02-03 12:19:14.214,5.93,168.68,TAKE_PICTURE,1.47,1.37,162.43,0.68,231.44
2026-02-03 12:19:14.493,3.64,274.82,TAKE_PICTURE,1.30,110.79,159.65,0.57,231.44
2026-02-03 12:19:14.676,5.63,177.66,TAKE_PICTURE,1.46,1.52,171.25,0.59,231.44
2026-02-03 12:19:14.850,5.90,169.38,TAKE_PICTURE,1.37,0.91,163.81,0.63,231.44
2026-02-03 12:19:15.028,5.78,172.95,TAKE_PICTURE,2.19,2.06,164.76,0.61,231.44
2026-02-03 12:19:15.203,5.86,170.72,TAKE_PICTURE,1.34,1.32,165.06,0.58,231.44
2026-02-03 12:19:15.484,3.63,275.27,TAKE_PICTURE,1.25,110.72,159.96,0.58,231.44
2026-02-03 12:19:15.664,5.70,175.44,TAKE_PICTURE,1.26,1.31,169.62,0.60,231.44
2026-02-03 12:19:15.837,5.93,168.62,TAKE_PICTURE,1.40,1.12,162.75,0.62,231.44
2026-02-03 12:19:16.012,5.89,169.75,TAKE_PICTURE,1.26,1.26,163.82,0.61,231.44
2026-02-03 12:19:16.183,6.00,166.71,TAKE_PICTURE,1.32,0.71,161.28,0.69,231.44
2026-02-03 12:19:16.462,3.65,273.99,TAKE_PICTURE,1.46,112.04,157.17,0.69,231.44
2026-02-03 12:19:16.641,5.75,173.99,TAKE_PICTURE,1.29,0.63,168.44,0.59,231.44
2026-02-03 12:19:16.817,5.84,171.32,TAKE_PICTURE,1.41,1.40,165.30,0.63,231.44
2026-02-03 12:19:16.990,5.94,168.40,TAKE_PICTURE,1.33,0.82,162.66,0.62,231.44
2026-02-03 12:19:17.161,6.01,166.28,TAKE_PICTURE,1.23,0.63,161.06,0.61,231.44
2026-02-03 12:19:17.442,3.63,275.79,TAKE_PICTURE,1.26,114.26,156.52,0.63,231.44
2026-02-03 12:19:17.620,5.77,173.42,TAKE_PICTURE,1.27,0.75,167.87,0.62,231.44
2026-02-03 12:19:17.793,5.95,168.08,TAKE_PICTURE,2.35,0.61,161.71,0.59,231.44
2026-02-03 12:19:17.966,5.94,168.47,TAKE_PICTURE,1.46,0.74,162.80,0.62,231.44
2026-02-03 12:19:18.137,6.00,166.59,TAKE_PICTURE,1.26,0.73,160.86,0.78,231.44
2026-02-03 12:19:18.432,3.47,288.44,TAKE_PICTURE,2.11,121.30,160.73,0.63,231.44
2026-02-03 12:19:18.621,5.48,182.33,TAKE_PICTURE,2.43,0.92,175.91,0.60,231.44
2026-02-03 12:19:18.799,5.78,172.88,TAKE_PICTURE,3.50,0.75,165.55,0.63,231.44
2026-02-03 12:19:18.978,5.73,174.55,TAKE_PICTURE,1.30,1.80,167.50,0.64,231.44
2026-02-03 12:19:19.151,5.96,167.91,TAKE_PICTURE,1.28,0.70,162.17,0.66,231.44
2026-02-03 12:19:19.431,3.63,275.66,TAKE_PICTURE,1.27,112.72,158.56,0.60,231.44
2026-02-03 12:19:19.612,5.69,175.73,TAKE_PICTURE,1.48,0.61,170.95,0.63,231.44
2026-02-03 12:19:19.786,5.92,169.01,TAKE_PICTURE,1.33,0.67,163.81,0.62,231.44
2026-02-03 12:19:19.960,5.90,169.55,TAKE_PICTURE,1.22,0.59,164.41,0.62,231.44
2026-02-03 12:19:20.134,5.93,168.62,TAKE_PICTURE,1.35,1.29,162.86,0.63,231.44
2026-02-03 12:19:20.417,3.60,278.15,TAKE_PICTURE,1.26,114.16,159.49,0.62,231.44
2026-02-03 12:19:20.597,5.71,175.20,TAKE_PICTURE,1.36,0.68,169.71,0.59,231.44
2026-02-03 12:19:20.772,5.88,170.07,TAKE_PICTURE,1.43,1.18,163.73,0.66,231.44
2026-02-03 12:19:20.948,5.83,171.39,TAKE_PICTURE,1.27,1.08,165.70,0.60,231.44
2026-02-03 12:19:21.123,5.85,170.97,TAKE_PICTURE,1.31,1.26,164.90,0.61,231.44
2026-02-03 12:19:21.410,3.55,281.53,TAKE_PICTURE,1.27,116.40,160.42,0.62,231.44
2026-02-03 12:19:21.603,5.30,188.78,TAKE_PICTURE,1.41,2.25,182.29,0.61,231.44
2026-02-03 12:19:21.793,5.43,184.10,TAKE_PICTURE,3.53,1.73,174.54,0.63,231.44
2026-02-03 12:19:21.986,5.32,187.91,TAKE_PICTURE,1.42,2.18,180.52,0.67,231.44
2026-02-03 12:19:22.174,5.48,182.45,TAKE_PICTURE,1.32,0.63,176.62,0.63,231.44
2026-02-03 12:19:22.464,3.50,285.69,TAKE_PICTURE,1.42,112.87,167.73,0.62,231.44
2026-02-03 12:19:22.656,5.36,186.52,TAKE_PICTURE,1.36,0.62,180.67,0.69,231.44
2026-02-03 12:19:22.844,5.47,182.91,TAKE_PICTURE,1.58,0.69,176.86,0.77,231.44
2026-02-03 12:19:23.030,5.52,181.20,TAKE_PICTURE,1.58,0.85,174.65,0.60,231.44
2026-02-03 12:19:23.212,5.66,176.72,TAKE_PICTURE,1.40,0.74,170.90,0.65,231.44
2026-02-03 12:19:23.503,3.49,286.42,TAKE_PICTURE,1.77,119.72,161.55,0.61,231.44
2026-02-03 12:19:23.689,5.52,181.02,TAKE_PICTURE,3.68,1.50,171.66,0.66,231.44
2026-02-03 12:19:23.866,5.79,172.84,TAKE_PICTURE,1.43,1.72,165.86,0.66,231.44
2026-02-03 12:19:24.039,5.97,167.37,TAKE_PICTURE,1.35,1.11,161.16,0.62,231.44
2026-02-03 12:19:24.214,5.84,171.17,TAKE_PICTURE,1.34,1.37,164.84,0.67,231.44
2026-02-03 12:19:24.503,3.52,284.02,TAKE_PICTURE,1.32,119.61,159.53,0.60,231.44
2026-02-03 12:19:24.684,5.67,176.36,TAKE_PICTURE,1.44,1.21,170.35,0.63,231.44
2026-02-03 12:19:24.856,5.97,167.37,TAKE_PICTURE,1.40,1.36,161.53,0.61,231.44
2026-02-03 12:19:25.029,5.95,168.14,TAKE_PICTURE,1.38,1.15,162.22,0.59,231.44
2026-02-03 12:19:25.201,5.99,167.06,TAKE_PICTURE,1.30,1.39,161.20,0.60,231.44
2026-02-03 12:19:25.480,3.65,273.76,TAKE_PICTURE,1.30,113.02,156.24,0.64,231.44
2026-02-03 12:19:25.660,5.71,175.23,TAKE_PICTURE,1.32,0.84,169.46,0.78,231.44
2026-02-03 12:19:25.835,5.88,169.97,TAKE_PICTURE,2.65,0.70,163.01,0.82,231.44
2026-02-03 12:19:26.007,5.97,167.47,TAKE_PICTURE,1.32,0.69,162.83,0.65,231.44
2026-02-03 12:19:26.178,5.99,166.93,TAKE_PICTURE,1.31,1.22,160.96,0.65,231.44
2026-02-03 12:19:26.457,3.65,273.72,TAKE_PICTURE,1.41,111.40,157.56,0.60,231.44
2026-02-03 12:19:26.636,5.75,173.89,TAKE_PICTURE,1.34,1.36,167.92,0.61,231.44
2026-02-03 12:19:26.810,5.91,169.14,TAKE_PICTURE,1.28,1.07,163.19,0.65,231.44
2026-02-03 12:19:26.982,5.98,167.30,TAKE_PICTURE,1.30,0.91,161.71,0.60,231.44
2026-02-03 12:19:27.154,5.97,167.47,TAKE_PICTURE,1.29,1.36,161.33,0.61,231.44
2026-02-03 12:19:27.431,3.67,272.58,TAKE_PICTURE,1.30,110.72,157.00,0.67,231.44
2026-02-03 12:19:27.612,5.67,176.47,TAKE_PICTURE,1.26,1.42,170.21,0.66,231.44
2026-02-03 12:19:27.792,5.72,174.90,TAKE_PICTURE,1.42,1.48,168.27,0.62,231.44
2026-02-03 12:19:27.966,5.92,168.98,TAKE_PICTURE,1.65,1.53,162.01,0.65,231.44
2026-02-03 12:19:28.143,5.82,171.87,TAKE_PICTURE,1.28,1.60,163.87,0.59,231.44
2026-02-03 12:19:28.429,3.55,281.54,TAKE_PICTURE,1.35,110.77,165.83,0.63,231.32
2026-02-03 12:19:28.614,5.62,177.80,TAKE_PICTURE,1.52,1.79,170.99,0.62,231.32
2026-02-03 12:19:28.787,5.94,168.48,TAKE_PICTURE,1.28,1.18,162.58,0.61,231.32
2026-02-03 12:19:28.961,5.90,169.48,TAKE_PICTURE,1.39,0.82,163.67,0.66,231.32
2026-02-03 12:19:29.134,5.94,168.30,TAKE_PICTURE,1.32,0.69,162.90,0.61,231.32
2026-02-03 12:19:29.414,3.64,274.83,TAKE_PICTURE,1.28,111.08,158.98,0.62,231.32
2026-02-03 12:19:29.590,5.83,171.58,TAKE_PICTURE,1.27,0.62,165.60,0.76,231.32
2026-02-03 12:19:29.767,5.90,169.45,TAKE_PICTURE,2.14,0.63,163.39,0.62,231.32
2026-02-03 12:19:29.940,5.93,168.61,TAKE_PICTURE,1.34,1.19,162.60,0.61,231.32
2026-02-03 12:19:30.114,5.91,169.10,TAKE_PICTURE,1.37,1.12,163.10,0.63,231.32
2026-02-03 12:19:30.391,3.67,272.27,TAKE_PICTURE,1.31,109.36,157.92,0.67,231.32
2026-02-03 12:19:30.583,5.36,186.73,TAKE_PICTURE,1.32,0.63,181.32,0.79,231.34
2026-02-03 12:19:30.755,5.97,167.42,TAKE_PICTURE,1.29,0.92,161.70,0.74,231.34
2026-02-03 12:19:30.929,5.91,169.24,TAKE_PICTURE,1.29,0.95,163.64,0.63,231.34
2026-02-03 12:19:31.101,5.99,166.86,TAKE_PICTURE,1.32,0.82,161.24,0.64,231.34
2026-02-03 12:19:31.384,3.59,278.66,TAKE_PICTURE,2.72,114.46,158.46,0.67,231.34
2026-02-03 12:19:31.570,5.55,180.15,TAKE_PICTURE,1.52,0.63,173.63,0.60,231.34
2026-02-03 12:19:31.750,5.79,172.85,TAKE_PICTURE,2.21,1.58,165.17,0.62,231.34
2026-02-03 12:19:31.921,6.01,166.36,TAKE_PICTURE,1.33,1.22,160.64,0.63,231.34
2026-02-03 12:19:32.092,6.01,166.44,TAKE_PICTURE,1.38,1.42,160.57,0.64,231.34
2026-02-03 12:19:32.375,3.60,278.02,TAKE_PICTURE,1.36,115.74,157.83,0.69,231.34
2026-02-03 12:19:32.556,5.69,175.81,TAKE_PICTURE,1.31,1.23,170.02,0.62,231.34
2026-02-03 12:19:32.731,5.90,169.52,TAKE_PICTURE,1.57,1.10,163.29,0.70,231.34
2026-02-03 12:19:32.907,5.83,171.50,TAKE_PICTURE,1.25,1.36,165.20,0.62,231.34
2026-02-03 12:19:33.080,5.93,168.64,TAKE_PICTURE,1.27,1.44,162.60,0.66,231.34
2026-02-03 12:19:33.361,3.63,275.27,TAKE_PICTURE,1.37,112.40,158.06,0.62,231.34
2026-02-03 12:19:33.542,5.67,176.23,TAKE_PICTURE,1.36,1.35,169.82,0.62,231.34
2026-02-03 12:19:33.716,5.88,170.18,TAKE_PICTURE,1.41,1.05,164.10,0.62,231.34
2026-02-03 12:19:33.889,5.94,168.27,TAKE_PICTURE,1.39,0.76,162.57,0.63,231.34
2026-02-03 12:19:34.064,5.90,169.46,TAKE_PICTURE,1.35,1.13,163.71,0.66,231.34
2026-02-03 12:19:34.343,3.65,274.22,TAKE_PICTURE,1.38,111.13,158.06,0.65,231.34
2026-02-03 12:19:34.523,5.68,176.01,TAKE_PICTURE,1.25,1.31,170.52,0.64,231.34
2026-02-03 12:19:34.697,5.93,168.66,TAKE_PICTURE,1.29,0.94,162.76,0.61,231.34
2026-02-03 12:19:34.870,5.93,168.53,TAKE_PICTURE,1.30,1.41,162.06,0.65,231.34
2026-02-03 12:19:35.046,5.85,170.92,TAKE_PICTURE,1.37,1.17,164.86,0.63,231.34
2026-02-03 12:19:35.336,3.50,285.48,TAKE_PICTURE,2.57,117.14,162.34,1.20,231.24
2026-02-03 12:19:35.514,5.79,172.65,TAKE_PICTURE,1.50,1.17,166.44,0.63,231.24
2026-02-03 12:19:35.686,5.97,167.44,TAKE_PICTURE,1.27,0.82,161.72,0.72,231.24
2026-02-03 12:19:35.857,6.02,166.12,TAKE_PICTURE,1.28,0.70,160.54,0.62,231.24
2026-02-03 12:19:36.027,6.05,165.24,TAKE_PICTURE,1.39,0.65,159.54,0.63,231.24
2026-02-03 12:19:36.310,3.58,278.95,TAKE_PICTURE,1.30,118.12,156.12,0.65,231.24
2026-02-03 12:19:36.491,5.68,176.03,TAKE_PICTURE,1.29,0.90,170.40,0.63,231.24
2026-02-03 12:19:36.665,5.93,168.55,TAKE_PICTURE,1.44,1.19,161.76,1.13,231.24
2026-02-03 12:19:36.838,5.92,168.86,TAKE_PICTURE,1.94,1.48,161.66,0.70,231.24
2026-02-03 12:19:37.011,5.96,167.87,TAKE_PICTURE,1.38,1.22,162.54,0.60,231.24
2026-02-03 12:19:37.298,3.54,282.58,TAKE_PICTURE,1.28,116.21,161.47,0.71,231.24
2026-02-03 12:19:37.479,5.68,175.99,TAKE_PICTURE,1.34,2.01,168.99,0.60,231.24
2026-02-03 12:19:37.658,5.79,172.63,TAKE_PICTURE,3.25,1.44,163.06,0.61,231.24
2026-02-03 12:19:37.835,5.80,172.46,TAKE_PICTURE,1.23,1.06,167.07,0.59,231.24
2026-02-03 12:19:38.010,5.87,170.33,TAKE_PICTURE,1.28,1.22,164.08,0.64,231.24
2026-02-03 12:19:38.294,3.58,279.17,TAKE_PICTURE,1.24,117.01,157.68,0.60,231.24
2026-02-03 12:19:38.477,5.61,178.23,TAKE_PICTURE,2.78,1.57,169.82,0.61,231.24
2026-02-03 12:19:38.652,5.88,170.17,TAKE_PICTURE,2.39,0.93,163.30,0.61,231.24
2026-02-03 12:19:38.826,5.92,168.91,TAKE_PICTURE,1.38,1.38,162.52,0.64,231.24
2026-02-03 12:19:38.998,5.98,167.18,TAKE_PICTURE,1.23,1.01,161.30,0.61,231.24
2026-02-03 12:19:39.276,3.66,273.02,TAKE_PICTURE,1.22,110.68,157.59,0.59,231.24
2026-02-03 12:19:39.339,17.00,58.83,READY,1.27,0.38,53.57,0.64,231.24
2026-02-03 12:19:39.631,3.58,279.05,READY,55.29,107.08,113.10,0.85,231.24
2026-02-03 12:19:39.773,7.29,137.24,READY,3.60,2.02,126.81,0.67,231.34
2026-02-03 12:19:39.901,8.14,122.92,READY,1.50,1.65,112.95,0.64,231.34
2026-02-03 12:19:40.025,8.43,118.61,READY,2.55,1.48,110.39,0.72,231.34
2026-02-03 12:19:40.146,8.62,116.01,READY,2.73,1.67,107.83,0.62,231.34
2026-02-03 12:19:40.381,4.33,231.03,READY,2.13,120.82,105.17,0.62,231.34
2026-02-03 12:19:40.507,8.29,120.69,READY,1.63,0.66,114.55,0.66,231.34
2026-02-03 12:19:40.630,8.46,118.18,READY,2.15,0.56,112.23,0.64,231.34
2026-02-03 12:19:40.752,8.54,117.12,READY,2.44,0.62,110.24,1.35,231.34
2026-02-03 12:19:40.872,8.70,114.89,READY,2.14,0.63,108.85,0.61,231.34
2026-02-03 12:19:41.101,4.46,224.17,READY,2.71,113.88,104.58,0.62,231.34
2026-02-03 12:19:41.232,7.90,126.56,READY,2.52,0.64,120.23,0.59,231.34
2026-02-03 12:19:41.355,8.49,117.72,READY,3.27,1.15,109.08,0.67,231.34
2026-02-03 12:19:41.479,8.40,119.06,READY,2.90,1.44,110.20,0.62,231.34
2026-02-03 12:19:41.601,8.51,117.45,READY,3.08,0.70,108.88,0.64,231.34
2026-02-03 12:19:41.829,4.49,222.56,READY,3.65,111.61,103.52,0.70,231.34
2026-02-03 12:19:41.958,8.04,124.31,READY,3.10,1.35,115.70,0.65,231.34
2026-02-03 12:19:42.081,8.48,117.97,READY,2.63,1.50,109.80,0.58,231.34
2026-02-03 12:19:42.200,8.72,114.62,READY,2.51,0.62,108.82,0.65,231.34
2026-02-03 12:19:42.323,8.49,117.82,READY,4.14,1.64,107.98,0.59,231.34
2026-02-03 12:19:42.549,4.52,221.36,READY,2.58,112.41,103.50,0.58,231.34
2026-02-03 12:19:42.677,8.12,123.10,READY,2.55,1.58,115.21,0.59,231.34
2026-02-03 12:19:42.799,8.54,117.12,READY,2.75,1.63,108.75,0.68,231.34
2026-02-03 12:19:42.924,8.28,120.77,READY,6.17,1.56,108.66,0.60,231.34
2026-02-03 12:19:43.045,8.62,116.02,READY,2.43,1.49,108.26,0.58,231.34
2026-02-03 12:19:43.278,4.38,228.37,READY,2.46,118.14,103.95,0.64,231.34
2026-02-03 12:19:43.407,8.09,123.58,READY,2.59,1.47,115.41,0.85,231.34
2026-02-03 12:19:43.530,8.45,118.39,READY,2.75,1.48,110.21,0.59,231.34
2026-02-03 12:19:43.655,8.32,120.23,READY,7.65,1.18,107.55,0.59,231.34
2026-02-03 12:19:43.777,8.54,117.09,READY,2.72,1.63,108.97,0.58,231.34
2026-02-03 12:19:44.002,4.54,220.34,READY,2.61,110.75,103.21,0.63,231.34
2026-02-03 12:19:44.130,8.11,123.25,READY,2.54,1.32,115.47,0.75,231.34
2026-02-03 12:19:44.250,8.71,114.79,READY,3.15,0.93,106.31,0.59,231.34
2026-02-03 12:19:44.370,8.67,115.38,READY,1.75,1.09,109.29,0.62,231.34
2026-02-03 12:19:44.491,8.60,116.27,READY,2.55,1.51,108.35,0.68,231.34
2026-02-03 12:19:44.718,4.51,221.87,READY,2.65,109.99,105.53,0.67,231.34
2026-02-03 12:19:44.855,7.55,132.44,READY,2.86,1.56,123.46,0.78,231.34
2026-02-03 12:19:44.980,8.32,120.22,READY,2.62,1.93,110.11,0.65,231.34
2026-02-03 12:19:45.104,8.40,119.08,READY,1.67,1.66,111.53,0.64,231.34
2026-02-03 12:19:45.225,8.58,116.54,READY,2.64,1.59,108.58,0.58,231.34
2026-02-03 12:19:45.457,4.40,227.22,READY,2.54,114.99,105.97,0.58,231.44
2026-02-03 12:19:45.593,7.77,128.75,READY,2.33,1.96,120.62,0.58,231.44
2026-02-03 12:19:45.714,8.58,116.52,READY,2.41,1.03,110.25,0.63,231.44
2026-02-03 12:19:45.836,8.57,116.64,READY,2.44,1.75,108.65,0.58,231.44
2026-02-03 12:19:45.955,8.74,114.43,READY,2.40,0.60,108.37,0.59,231.44
2026-02-03 12:19:46.178,4.58,218.21,READY,1.67,110.99,102.50,0.58,231.44
2026-02-03 12:19:46.311,7.80,128.23,READY,2.75,1.60,120.28,0.74,231.44
2026-02-03 12:19:46.434,8.46,118.27,READY,2.73,1.46,109.99,0.58,231.44
2026-02-03 12:19:46.556,8.51,117.52,READY,2.93,1.49,109.45,0.63,231.44
2026-02-03 12:19:46.676,8.66,115.45,READY,2.57,1.41,107.65,0.58,231.44
2026-02-03 12:19:46.902,4.53,220.91,READY,2.64,110.98,103.58,0.64,231.44
2026-02-03 12:19:47.030,8.11,123.35,READY,2.59,1.46,115.53,0.62,231.44
2026-02-03 12:19:47.153,8.53,117.28,READY,2.54,1.54,109.32,0.59,231.44
2026-02-03 12:19:47.274,8.60,116.25,READY,2.88,1.52,108.07,0.57,231.44
2026-02-03 12:19:47.394,8.67,115.28,READY,2.58,1.60,107.51,0.58,231.44
2026-02-03 12:19:47.629,4.33,230.82,READY,11.57,109.33,106.48,0.58,231.44
2026-02-03 12:19:47.760,7.93,126.17,READY,2.42,1.77,118.11,0.65,231.44
2026-02-03 12:19:47.883,8.52,117.44,READY,2.01,1.72,110.29,0.71,231.44
2026-02-03 12:19:48.001,8.78,113.92,READY,2.10,0.80,107.68,0.59,231.44
2026-02-03 12:19:48.123,8.52,117.35,READY,4.65,1.85,106.93,0.58,231.44
2026-02-03 12:19:48.346,4.60,217.54,READY,2.48,109.19,102.91,0.59,231.44
2026-02-03 12:19:48.470,8.35,119.75,READY,2.13,0.65,113.65,0.68,231.44
2026-02-03 12:19:48.593,8.47,118.03,READY,3.67,1.37,109.22,0.61,231.44
2026-02-03 12:19:48.721,8.16,122.61,READY,12.42,0.60,106.33,0.69,231.44
2026-02-03 12:19:48.840,8.70,114.93,READY,2.81,0.68,108.28,0.67,231.44
2026-02-03 12:19:49.080,4.25,235.07,READY,2.62,121.92,106.82,0.63,231.44
2026-02-03 12:19:49.211,8.06,124.03,READY,2.02,1.48,115.24,0.65,231.44
2026-02-03 12:19:49.335,8.33,120.02,READY,3.20,1.51,111.44,0.63,231.44
2026-02-03 12:19:49.457,8.58,116.49,READY,2.70,1.46,108.26,0.67,231.44
2026-02-03 12:19:49.578,8.56,116.76,READY,2.76,1.45,108.55,0.62,231.44
2026-02-03 12:19:49.891,3.25,308.11,READY,2.54,121.65,180.19,0.62,231.44
2026-02-03 12:19:50.030,7.46,133.99,READY,1.92,0.82,126.92,1.49,231.44
2026-02-03 12:19:50.154,8.49,117.84,READY,2.66,1.44,109.68,0.64,231.44
2026-02-03 12:19:50.276,8.57,116.68,READY,2.50,1.59,108.69,0.64,231.44
2026-02-03 12:19:50.397,8.59,116.47,READY,2.58,1.56,108.55,0.63,231.44
2026-02-03 12:19:50.627,4.44,225.39,READY,9.65,108.11,104.22,0.67,231.44
2026-02-03 12:19:50.756,8.10,123.45,READY,2.83,1.56,115.38,0.58,231.44
2026-02-03 12:19:50.878,8.46,118.15,READY,2.83,1.46,110.02,0.62,231.44
2026-02-03 12:19:51.004,8.28,120.79,READY,2.97,1.73,112.57,0.74,231.44
2026-02-03 12:19:51.124,8.72,114.68,READY,2.04,1.49,107.56,0.63,231.44
2026-02-03 12:19:51.356,4.40,227.24,READY,2.79,116.36,104.56,0.61,231.44
2026-02-03 12:19:51.487,7.93,126.05,READY,2.86,1.52,117.96,0.59,231.44
2026-02-03 12:19:51.609,8.49,117.85,READY,2.93,1.45,109.52,0.68,231.44
2026-02-03 12:19:51.733,8.39,119.24,READY,2.63,1.95,111.00,0.63,231.44
2026-02-03 12:19:51.857,8.40,119.07,READY,5.24,2.22,108.15,0.59,231.44
2026-02-03 12:19:52.079,4.61,216.91,READY,2.62,107.95,103.16,0.59,231.44
2026-02-03 12:19:52.208,8.02,124.65,READY,2.95,1.50,116.16,0.81,231.44
2026-02-03 12:19:52.329,8.68,115.20,READY,1.60,1.37,109.35,0.58,231.44
2026-02-03 12:19:52.454,8.28,120.75,READY,10.39,1.15,105.71,0.63,231.44
2026-02-03 12:19:52.574,8.69,115.11,READY,2.28,0.75,108.70,0.59,231.44
2026-02-03 12:19:52.806,4.40,227.11,READY,2.68,118.09,103.36,0.61,231.44
2026-02-03 12:19:52.934,8.13,123.05,READY,2.78,0.63,116.66,0.65,231.44
2026-02-03 12:19:53.055,8.59,116.40,READY,2.93,0.62,108.89,0.98,231.44
2026-02-03 12:19:53.177,8.49,117.74,READY,2.74,1.58,109.72,0.62,231.44
2026-02-03 12:19:53.298,8.61,116.17,READY,2.57,1.40,108.14,0.71,231.44
2026-02-03 12:19:53.625,3.10,322.18,READY,3.27,211.97,103.15,0.61,231.44
2026-02-03 12:19:53.754,8.04,124.32,READY,3.11,1.41,116.44,0.71,231.44
2026-02-03 12:19:53.879,8.39,119.26,READY,2.51,1.62,111.51,0.62,231.44
2026-02-03 12:19:53.999,8.66,115.52,READY,2.42,1.43,108.11,0.60,231.44
2026-02-03 12:19:54.123,8.45,118.36,READY,8.68,1.18,104.98,0.58,231.44
2026-02-03 12:19:54.355,4.40,227.25,READY,2.49,114.97,106.80,0.58,231.44
2026-02-03 12:19:54.485,7.99,125.19,READY,2.44,1.59,117.91,0.60,231.44
2026-02-03 12:19:54.607,8.55,116.92,READY,1.62,1.49,107.84,0.62,231.44
2026-02-03 12:19:54.728,8.65,115.58,READY,2.46,0.60,108.45,0.66,231.44
2026-02-03 12:19:54.850,8.52,117.32,READY,3.12,1.31,110.12,0.68,231.44
2026-02-03 12:19:55.076,4.51,221.61,READY,2.43,112.98,103.57,0.60,231.44
2026-02-03 12:19:55.208,7.88,126.83,READY,2.48,0.70,120.57,0.62,231.44
2026-02-03 12:19:55.330,8.50,117.61,READY,3.69,0.60,110.19,0.69,231.44
2026-02-03 12:19:55.458,8.16,122.49,READY,12.45,0.63,106.22,0.63,231.44
2026-02-03 12:19:55.589,7.94,125.96,READY,16.79,0.55,105.94,0.58,231.44
2026-02-03 12:19:55.830,4.22,236.79,READY,17.61,107.69,108.79,0.66,231.34
2026-02-03 12:19:55.973,7.23,138.34,READY,1.45,1.56,130.98,0.59,231.44
2026-02-03 12:19:56.106,7.85,127.37,READY,2.41,0.61,121.11,0.59,231.44
2026-02-03 12:19:56.233,8.19,122.16,READY,1.67,1.74,115.17,0.57,231.44
2026-02-03 12:19:56.362,8.03,124.53,READY,3.06,0.79,116.09,0.66,231.44
2026-02-03 12:19:56.595,4.39,227.76,READY,1.56,115.48,107.23,0.59,231.44
2026-02-03 12:19:56.730,7.67,130.30,READY,2.25,0.70,123.77,0.75,231.44
2026-02-03 12:19:56.852,8.54,117.09,READY,2.03,1.50,108.25,0.72,231.44
2026-02-03 12:19:56.974,8.55,116.91,READY,2.96,1.49,109.09,0.73,231.44
2026-02-03 12:19:57.096,8.57,116.75,READY,2.61,1.40,108.75,0.59,231.44
2026-02-03 12:19:57.321,4.53,220.56,READY,2.50,111.47,103.63,0.67,231.44
2026-02-03 12:19:57.449,8.11,123.38,READY,2.68,1.44,115.41,0.71,231.44
2026-02-03 12:19:57.573,8.42,118.75,READY,2.47,1.48,111.02,0.59,231.44
2026-02-03 12:19:57.693,8.68,115.24,READY,3.79,0.67,107.99,0.67,231.44
2026-02-03 12:19:57.813,8.68,115.18,READY,3.06,1.33,107.14,0.64,231.44
2026-02-03 12:19:58.035,4.60,217.32,READY,3.05,107.42,103.07,1.07,231.44
2026-02-03 12:19:58.159,8.39,119.13,READY,2.15,0.86,112.70,0.74,231.44
2026-02-03 12:19:58.281,8.52,117.35,READY,2.79,1.19,110.27,0.69,231.44
2026-02-03 12:19:58.403,8.48,117.87,READY,3.09,2.22,107.65,0.60,231.44
2026-02-03 12:19:58.526,8.52,117.42,READY,4.60,2.09,106.74,0.59,231.44
2026-02-03 12:19:58.753,4.50,222.25,READY,2.47,111.10,104.97,0.60,231.44
2026-02-03 12:19:58.892,7.44,134.34,READY,3.02,1.60,126.02,0.61,231.44
2026-02-03 12:19:59.026,7.75,128.95,READY,3.15,1.69,120.24,0.61,231.44
2026-02-03 12:19:59.153,8.30,120.42,READY,2.54,1.90,112.85,0.62,231.44
2026-02-03 12:19:59.277,8.35,119.76,READY,2.79,1.56,111.40,0.61,231.44
2026-02-03 12:19:59.505,4.50,222.41,READY,3.35,107.71,107.35,0.72,231.44
2026-02-03 12:19:59.640,7.65,130.73,READY,2.91,1.24,122.03,0.60,231.44
2026-02-03 12:19:59.766,8.28,120.75,READY,3.20,1.37,112.31,0.60,231.44
2026-02-03 12:19:59.894,8.10,123.39,READY,3.43,1.40,114.84,0.73,231.44
2026-02-03 12:20:00.016,8.53,117.21,READY,3.25,1.46,108.73,0.64,231.44
2026-02-03 12:20:00.250,4.41,226.60,READY,2.75,114.81,105.13,0.58,231.44
2026-02-03 12:20:00.379,8.07,123.84,READY,2.51,1.43,116.01,0.67,231.44
2026-02-03 12:20:00.501,8.50,117.67,READY,2.64,1.55,109.81,0.58,231.44
2026-02-03 12:20:00.623,8.53,117.23,READY,2.98,1.48,108.70,0.80,231.44
2026-02-03 12:20:00.742,8.76,114.10,READY,2.60,0.69,107.95,0.62,231.44
2026-02-03 12:20:01.071,3.08,324.68,READY,2.57,214.58,103.87,0.65,231.44
2026-02-03 12:20:01.200,8.09,123.55,READY,2.55,1.43,115.65,0.59,231.44
2026-02-03 12:20:01.321,8.57,116.74,READY,2.58,1.54,108.58,0.60,231.44
2026-02-03 12:20:01.440,8.76,114.16,READY,2.72,0.69,108.02,0.62,231.44
2026-02-03 12:20:01.561,8.64,115.78,READY,2.11,1.65,108.25,0.59,231.44
2026-02-03 12:20:01.787,4.52,221.02,READY,2.61,112.13,103.28,0.62,231.44
2026-02-03 12:20:01.913,8.22,121.60,READY,2.51,0.78,115.62,0.58,231.44
2026-02-03 12:20:02.033,8.66,115.50,READY,2.41,0.83,109.28,0.60,231.44
2026-02-03 12:20:02.151,8.82,113.40,READY,2.29,0.74,107.37,0.68,231.44
2026-02-03 12:20:02.270,8.78,113.87,READY,2.42,1.08,107.72,0.57,231.44
2026-02-03 12:20:02.499,4.47,223.88,READY,6.85,109.11,103.86,0.58,231.44
2026-02-03 12:20:02.627,8.08,123.77,READY,2.77,1.60,115.73,0.64,231.44
2026-02-03 12:20:02.751,8.43,118.58,READY,2.75,1.51,110.49,0.72,231.44
2026-02-03 12:20:02.873,8.51,117.53,READY,2.88,1.51,109.20,0.70,231.44
2026-02-03 12:20:02.996,8.45,118.33,READY,4.04,1.63,108.58,0.71,231.44
2026-02-03 12:20:03.223,4.50,222.06,READY,2.66,111.05,104.45,0.70,231.44
2026-02-03 12:20:03.352,8.07,123.98,READY,2.86,1.59,115.67,0.63,231.44
2026-02-03 12:20:03.475,8.47,118.03,READY,3.03,1.42,109.68,0.72,231.44
2026-02-03 12:20:03.595,8.64,115.79,READY,1.70,1.19,109.57,0.68,231.44
2026-02-03 12:20:03.718,8.50,117.68,READY,4.48,1.08,108.05,0.63,231.44
2026-02-03 12:20:03.953,4.34,230.30,READY,2.96,119.46,104.58,0.57,231.44
2026-02-03 12:20:04.088,7.69,130.07,READY,3.58,0.95,121.88,0.71,231.44
2026-02-03 12:20:04.213,8.54,117.13,READY,2.22,2.06,108.85,0.63,231.44
2026-02-03 12:20:04.336,8.42,118.78,READY,3.20,1.51,110.13,0.64,231.44
2026-02-03 12:20:04.460,8.37,119.46,READY,9.65,1.15,105.30,0.63,231.44
2026-02-03 12:20:04.706,4.15,240.89,READY,15.52,110.44,107.63,0.63,231.44
2026-02-03 12:20:04.842,7.63,131.14,READY,1.31,1.45,123.62,0.60,231.44
2026-02-03 12:20:04.976,7.86,127.21,READY,3.58,2.09,118.04,0.74,231.44
2026-02-03 12:20:05.096,8.69,115.09,READY,2.22,0.63,109.30,1.21,231.44
2026-02-03 12:20:05.218,8.53,117.30,READY,4.33,2.12,106.71,1.08,231.44
2026-02-03 12:20:05.444,4.52,221.46,READY,2.51,111.84,104.48,0.63,231.44
2026-02-03 12:20:05.578,7.74,129.14,READY,4.14,2.33,118.82,0.66,231.44
2026-02-03 12:20:05.701,8.48,117.86,READY,2.39,1.50,110.29,0.74,231.44
2026-02-03 12:20:05.823,8.51,117.51,READY,2.73,1.35,110.23,0.62,231.44
2026-02-03 12:20:05.945,8.59,116.47,READY,2.82,1.51,108.34,0.72,231.44
2026-02-03 12:20:06.177,4.39,227.99,READY,2.81,114.26,107.10,0.71,231.44
2026-02-03 12:20:06.304,8.23,121.58,READY,1.63,1.18,115.30,0.62,231.44
2026-02-03 12:20:06.425,8.57,116.71,READY,2.16,1.49,108.99,0.63,231.44
2026-02-03 12:20:06.547,8.58,116.61,READY,1.66,1.55,109.30,0.65,231.44
2026-02-03 12:20:06.670,8.43,118.63,READY,2.31,1.39,109.95,1.10,231.44
2026-02-03 12:20:06.908,4.30,232.71,READY,8.82,114.44,106.04,0.64,231.44
2026-02-03 12:20:07.046,7.52,133.03,READY,1.65,1.65,125.75,0.58,231.44
2026-02-03 12:20:07.177,7.90,126.62,READY,3.17,1.55,117.81,0.63,231.44
2026-02-03 12:20:07.310,7.83,127.66,READY,5.32,2.18,115.94,0.75,231.44
2026-02-03 12:20:07.474,6.31,158.51,READY,3.08,1.82,150.60,0.60,231.44
2026-02-03 12:20:07.652,5.79,172.73,PRE_ADJUST,1.46,113.96,53.22,0.64,231.44
2026-02-03 12:20:07.869,4.75,210.61,PRE_ADJUST,2.97,0.13,203.29,0.60,231.44
2026-02-03 12:20:08.071,5.05,197.88,PRE_ADJUST,1.41,0.10,192.71,0.60,231.44
2026-02-03 12:20:08.270,5.15,194.04,PRE_ADJUST,1.36,0.08,189.20,0.70,231.44
2026-02-03 12:20:08.482,4.82,207.34,PRE_ADJUST,1.36,0.13,202.78,0.62,231.34
2026-02-03 12:20:08.687,5.00,200.03,PRE_ADJUST,1.35,0.07,194.88,0.65,231.34
2026-02-03 12:20:08.893,4.98,200.76,PRE_ADJUST,1.29,0.11,195.42,0.64,231.34
2026-02-03 12:20:09.097,5.01,199.48,PRE_ADJUST,1.57,0.12,192.55,0.61,231.34
2026-02-03 12:20:09.299,5.08,196.94,PRE_ADJUST,1.66,0.08,191.44,0.63,231.34
2026-02-03 12:20:09.508,4.90,204.11,PRE_ADJUST,1.47,0.11,198.51,0.62,231.34
2026-02-03 12:20:09.714,4.96,201.57,PRE_ADJUST,2.06,0.10,193.36,0.59,231.34
2026-02-03 12:20:09.917,5.04,198.43,PRE_ADJUST,1.36,0.10,193.14,0.75,231.34
2026-02-03 12:20:10.125,4.95,201.83,PRE_ADJUST,7.05,0.17,189.89,0.65,231.34
2026-02-03 12:20:10.331,4.97,201.24,PRE_ADJUST,1.41,0.12,195.81,0.62,231.34
2026-02-03 12:20:10.534,5.05,197.83,PRE_ADJUST,4.67,0.10,189.36,0.64,231.34
2026-02-03 12:20:10.738,5.03,198.77,PRE_ADJUST,1.32,0.14,193.41,0.63,231.34
2026-02-03 12:20:10.938,5.13,195.06,PRE_ADJUST,1.31,0.15,189.69,0.65,231.34
2026-02-03 12:20:11.142,5.02,199.16,PRE_ADJUST,1.32,0.11,194.09,0.63,231.34
2026-02-03 12:20:11.343,5.09,196.47,PRE_ADJUST,1.30,0.12,191.03,0.62,231.34
2026-02-03 12:20:11.550,4.95,201.84,PRE_ADJUST,1.31,0.15,196.48,0.62,231.34
2026-02-03 12:20:11.751,5.09,196.62,PRE_ADJUST,1.29,0.12,191.44,0.72,231.34
2026-02-03 12:20:11.954,5.05,198.21,PRE_ADJUST,1.43,0.12,192.96,0.66,231.34
2026-02-03 12:20:12.160,4.97,201.18,PRE_ADJUST,1.35,0.07,194.53,0.63,231.34
2026-02-03 12:20:12.359,5.17,193.42,PRE_ADJUST,1.39,0.11,188.59,0.72,231.34
2026-02-03 12:20:12.563,5.02,199.01,PRE_ADJUST,1.37,0.11,193.91,0.62,231.34
2026-02-03 12:20:12.766,5.04,198.29,PRE_ADJUST,3.17,0.14,191.34,0.64,231.34
2026-02-03 12:20:12.972,4.98,200.95,PRE_ADJUST,1.30,0.13,196.19,0.61,231.34
2026-02-03 12:20:13.173,5.09,196.27,PRE_ADJUST,1.35,0.12,191.34,0.66,231.34
2026-02-03 12:20:13.377,5.02,199.28,PRE_ADJUST,1.39,0.12,194.47,0.62,231.34
2026-02-03 12:20:13.575,5.17,193.48,PRE_ADJUST,1.39,0.12,188.66,0.63,231.34
2026-02-03 12:20:13.639,16.71,59.86,ADJUST,1.28,0.43,54.30,1.15,231.34
2026-02-03 12:20:13.997,2.89,346.11,ADJUST,32.60,111.92,198.03,0.80,231.24
2026-02-03 12:20:14.205,5.02,199.18,ADJUST,1.98,2.17,192.14,0.67,231.24
2026-02-03 12:20:14.410,5.00,200.14,ADJUST,1.25,1.88,193.43,0.61,231.24
2026-02-03 12:20:14.610,5.13,194.84,ADJUST,1.40,0.94,189.57,0.69,231.24
2026-02-03 12:20:14.810,5.12,195.48,ADJUST,1.25,1.85,188.80,0.59,231.24
2026-02-03 12:20:15.114,3.35,298.75,ADJUST,1.23,111.77,182.16,0.65,231.24
2026-02-03 12:20:15.319,4.97,201.09,ADJUST,1.27,2.07,194.17,0.58,231.24
2026-02-03 12:20:15.520,5.10,195.92,ADJUST,1.35,2.16,188.71,0.59,231.24
2026-02-03 12:20:15.719,5.15,194.20,ADJUST,1.38,2.16,187.10,0.58,231.24
2026-02-03 12:20:15.918,5.16,193.72,ADJUST,1.26,2.17,186.54,0.69,231.24
2026-02-03 12:20:16.223,3.33,300.09,ADJUST,1.26,112.89,182.39,0.69,231.24
2026-02-03 12:20:16.428,4.97,201.07,ADJUST,2.23,1.95,192.37,0.59,231.24
2026-02-03 12:20:16.627,5.15,194.22,ADJUST,1.53,1.54,187.54,0.62,231.24
2026-02-03 12:20:16.826,5.16,193.90,ADJUST,1.28,2.11,186.81,0.59,231.24
2026-02-03 12:20:17.025,5.15,194.17,ADJUST,1.27,1.69,187.50,0.62,231.24
2026-02-03 12:20:17.330,3.33,300.55,ADJUST,1.29,114.15,181.30,0.87,231.24
2026-02-03 12:20:17.534,5.02,199.18,ADJUST,1.25,1.40,193.30,0.70,231.24
2026-02-03 12:20:17.731,5.21,191.93,ADJUST,1.24,1.64,185.98,0.65,231.24
2026-02-03 12:20:17.928,5.21,191.78,ADJUST,1.28,1.79,185.67,0.59,231.24
2026-02-03 12:20:18.124,5.23,191.10,ADJUST,1.46,1.86,184.70,0.59,231.24
2026-02-03 12:20:18.427,3.35,298.37,ADJUST,1.30,114.18,179.61,0.59,231.24
2026-02-03 12:20:18.630,5.03,198.70,ADJUST,1.21,1.77,192.63,0.71,231.24
2026-02-03 12:20:18.827,5.19,192.55,ADJUST,1.23,1.82,186.36,0.61,231.24
2026-02-03 12:20:19.023,5.24,190.67,ADJUST,1.23,1.70,184.72,0.60,231.24
2026-02-03 12:20:19.219,5.21,191.80,ADJUST,1.25,1.08,186.43,0.59,231.24
2026-02-03 12:20:19.528,3.30,303.39,ADJUST,1.24,112.45,186.82,0.62,231.24
2026-02-03 12:20:19.740,4.82,207.28,ADJUST,2.56,1.97,197.43,0.66,231.24
2026-02-03 12:20:19.941,5.09,196.36,ADJUST,1.41,2.83,188.43,0.62,231.24
2026-02-03 12:20:20.138,5.20,192.20,ADJUST,1.40,1.33,185.79,0.62,231.24
2026-02-03 12:20:20.335,5.21,192.06,ADJUST,1.28,1.30,186.03,0.67,231.24
2026-02-03 12:20:20.645,3.27,305.60,ADJUST,1.25,119.37,181.70,0.60,231.24
2026-02-03 12:20:20.848,5.04,198.23,ADJUST,1.47,1.26,192.17,0.68,231.24
2026-02-03 12:20:21.048,5.11,195.63,ADJUST,2.27,1.32,188.61,0.64,231.24
2026-02-03 12:20:21.246,5.20,192.38,ADJUST,1.42,1.27,186.04,0.63,231.24
2026-02-03 12:20:21.444,5.17,193.53,ADJUST,1.30,1.66,187.16,0.69,231.24
2026-02-03 12:20:21.748,3.34,299.04,ADJUST,1.40,112.23,181.70,0.64,231.24
2026-02-03 12:20:21.954,4.98,200.96,ADJUST,1.36,1.28,194.53,0.63,231.24
2026-02-03 12:20:22.154,5.12,195.44,ADJUST,1.28,1.96,188.79,0.65,231.24
2026-02-03 12:20:22.353,5.16,193.83,ADJUST,1.26,1.42,187.48,0.65,231.24
2026-02-03 12:20:22.551,5.18,192.94,ADJUST,1.40,1.65,186.20,0.64,231.24
2026-02-03 12:20:22.889,3.00,333.32,ADJUST,1.28,118.44,210.00,0.67,231.24
2026-02-03 12:20:23.121,4.41,227.00,ADJUST,1.37,1.62,220.87,0.66,231.24
2026-02-03 12:20:23.349,4.48,223.20,ADJUST,1.37,1.13,216.72,1.11,231.24
2026-02-03 12:20:23.586,4.30,232.65,ADJUST,1.43,1.18,225.12,1.27,231.14
2026-02-03 12:20:23.815,4.48,223.09,ADJUST,3.28,2.09,214.51,0.76,231.14
2026-02-03 12:20:24.116,3.37,296.47,ADJUST,1.25,111.32,180.42,0.63,231.14
2026-02-03 12:20:24.321,4.99,200.45,ADJUST,1.28,1.42,194.24,0.58,231.14
2026-02-03 12:20:24.534,4.81,207.91,ADJUST,1.39,4.17,198.01,0.66,231.24
2026-02-03 12:20:24.743,4.95,201.86,ADJUST,2.99,2.03,193.55,0.70,231.24
2026-02-03 12:20:24.949,4.95,201.93,ADJUST,1.28,2.39,194.22,0.63,231.24
2026-02-03 12:20:25.186,4.30,232.33,ADJUST,1.82,113.01,113.70,0.65,231.24
2026-02-03 12:20:25.327,7.40,135.08,ADJUST,3.72,1.77,126.57,0.61,231.24
2026-02-03 12:20:25.465,7.50,133.29,ADJUST,3.26,2.09,123.89,0.69,231.24
2026-02-03 12:20:25.599,7.78,128.60,ADJUST,2.55,1.75,120.37,0.60,231.24
2026-02-03 12:20:25.733,7.72,129.51,ADJUST,2.56,0.83,123.01,0.58,231.24
2026-02-03 12:20:25.969,4.33,230.87,ADJUST,2.48,112.64,112.47,0.62,231.24
2026-02-03 12:20:26.107,7.52,133.06,ADJUST,2.61,1.83,124.62,0.59,231.24
2026-02-03 12:20:26.241,7.74,129.13,ADJUST,1.22,2.25,120.73,0.60,231.34
2026-02-03 12:20:26.369,8.11,123.25,ADJUST,2.95,1.85,114.07,0.59,231.34
2026-02-03 12:20:26.494,8.38,119.38,ADJUST,2.47,1.40,112.61,0.63,231.34
2026-02-03 12:20:26.795,3.37,296.74,ADJUST,2.64,110.27,180.82,0.68,231.34
2026-02-03 12:20:26.998,5.05,198.08,ADJUST,1.27,1.32,192.08,0.61,231.34
2026-02-03 12:20:27.194,5.21,191.79,ADJUST,1.32,1.11,186.78,0.65,231.34
2026-02-03 12:20:27.391,5.21,192.10,ADJUST,1.36,1.31,186.00,0.65,231.34
2026-02-03 12:20:27.617,4.53,220.63,ADJUST,1.33,1.12,214.81,0.62,231.34
2026-02-03 12:20:27.946,3.08,324.59,ADJUST,1.36,110.32,209.53,0.64,231.34
2026-02-03 12:20:28.178,4.41,227.01,ADJUST,1.35,1.26,221.06,0.65,231.34
2026-02-03 12:20:28.406,4.48,223.17,ADJUST,1.62,1.41,216.30,0.62,231.34
2026-02-03 12:20:28.631,4.54,220.28,ADJUST,1.34,1.84,213.99,0.64,231.34
2026-02-03 12:20:28.858,4.51,221.86,ADJUST,1.26,1.26,215.80,0.63,231.34
2026-02-03 12:20:29.187,3.09,324.11,ADJUST,1.29,110.51,208.82,0.68,231.44
2026-02-03 12:20:29.422,4.37,228.58,ADJUST,2.32,1.04,222.16,0.59,231.44
2026-02-03 12:20:29.651,4.47,223.81,ADJUST,2.12,1.94,216.45,0.69,231.44
2026-02-03 12:20:29.881,4.43,225.86,ADJUST,1.61,1.95,217.41,0.62,231.44
2026-02-03 12:20:30.108,4.50,222.04,ADJUST,1.34,1.91,215.37,0.62,231.44
2026-02-03 12:20:30.332,4.57,218.68,TAKE_PICTURE,1.39,121.68,92.37,0.58,231.44
2026-02-03 12:20:30.519,5.47,182.85,TAKE_PICTURE,1.71,2.72,174.46,0.62,231.44
2026-02-03 12:20:30.701,5.65,176.95,TAKE_PICTURE,1.33,3.36,168.76,0.65,231.44
2026-02-03 12:20:30.887,5.52,181.07,TAKE_PICTURE,1.71,3.70,171.06,1.16,231.44
2026-02-03 12:20:31.078,5.39,185.55,TAKE_PICTURE,3.11,3.14,175.04,0.60,231.44
2026-02-03 12:20:31.364,3.55,281.63,TAKE_PICTURE,3.18,112.13,162.18,0.65,231.44
2026-02-03 12:20:31.549,5.55,180.08,TAKE_PICTURE,1.39,1.68,173.18,0.68,231.44
2026-02-03 12:20:31.732,5.64,177.45,TAKE_PICTURE,3.74,1.50,168.01,0.63,231.44
2026-02-03 12:20:31.913,5.66,176.67,TAKE_PICTURE,1.27,1.80,169.45,0.68,231.44
2026-02-03 12:20:32.094,5.68,176.19,TAKE_PICTURE,1.56,1.69,168.94,0.63,231.44
2026-02-03 12:20:32.376,3.60,277.54,TAKE_PICTURE,1.31,112.10,160.72,0.69,231.44
2026-02-03 12:20:32.560,5.60,178.53,TAKE_PICTURE,1.39,1.44,172.27,0.61,231.44
2026-02-03 12:20:32.740,5.70,175.31,TAKE_PICTURE,1.61,1.63,168.09,1.09,231.44
2026-02-03 12:20:32.919,5.75,173.95,TAKE_PICTURE,1.77,1.69,166.89,0.61,231.44
2026-02-03 12:20:33.098,5.73,174.64,TAKE_PICTURE,1.38,1.36,168.27,0.64,231.44
2026-02-03 12:20:33.380,3.61,277.35,TAKE_PICTURE,1.35,112.05,160.49,0.62,231.44
2026-02-03 12:20:33.567,5.49,182.04,TAKE_PICTURE,1.36,1.43,175.86,0.59,231.44
2026-02-03 12:20:33.747,5.70,175.47,TAKE_PICTURE,1.63,1.15,169.20,0.59,231.44
2026-02-03 12:20:33.925,5.77,173.35,TAKE_PICTURE,1.37,1.33,167.46,0.65,231.44
2026-02-03 12:20:34.100,5.88,170.09,TAKE_PICTURE,1.25,0.68,165.56,0.62,231.44
2026-02-03 12:20:34.385,3.58,279.64,TAKE_PICTURE,1.39,112.31,162.83,0.61,231.44
2026-02-03 12:20:34.568,5.61,178.38,TAKE_PICTURE,1.35,0.84,172.63,0.71,231.44
2026-02-03 12:20:34.744,5.83,171.57,TAKE_PICTURE,1.39,0.98,165.75,0.69,231.44
2026-02-03 12:20:34.929,5.55,180.08,TAKE_PICTURE,1.41,0.54,173.19,1.81,231.44
2026-02-03 12:20:35.155,4.77,209.70,TAKE_PICTURE,3.16,0.87,202.17,0.67,231.81
2026-02-03 12:20:35.503,3.04,329.28,TAKE_PICTURE,1.98,129.24,192.83,0.61,232.46
2026-02-03 12:20:35.716,5.10,196.17,TAKE_PICTURE,5.69,0.88,186.27,0.59,232.46
2026-02-03 12:20:35.907,5.63,177.74,TAKE_PICTURE,4.81,1.34,167.78,0.62,232.46
2026-02-03 12:20:36.098,5.63,177.51,TAKE_PICTURE,5.35,1.21,166.88,0.64,232.46
2026-02-03 12:20:36.280,5.70,175.37,TAKE_PICTURE,1.73,1.57,168.47,0.63,232.46
2026-02-03 12:20:36.566,3.57,280.50,TAKE_PICTURE,1.53,114.38,160.96,0.72,232.46
2026-02-03 12:20:36.750,5.58,179.18,TAKE_PICTURE,1.41,1.55,172.47,0.67,232.46
2026-02-03 12:20:36.928,5.71,175.02,TAKE_PICTURE,2.10,1.51,168.29,0.61,232.46
2026-02-03 12:20:37.106,5.80,172.38,TAKE_PICTURE,1.43,0.83,166.31,0.70,232.46
2026-02-03 12:20:37.294,5.44,183.69,TAKE_PICTURE,1.28,1.27,177.39,0.72,232.46
2026-02-03 12:20:37.648,2.95,338.92,TAKE_PICTURE,2.98,149.84,180.49,2.61,232.46
2026-02-03 12:20:37.877,4.78,209.34,TAKE_PICTURE,3.45,1.93,198.55,0.59,232.46
2026-02-03 12:20:38.078,5.45,183.34,TAKE_PICTURE,2.68,0.61,176.69,0.58,232.46
2026-02-03 12:20:38.282,5.24,191.01,TAKE_PICTURE,3.86,1.27,181.17,0.65,232.46
2026-02-03 12:20:38.494,5.05,198.19,TAKE_PICTURE,4.21,1.20,187.31,1.43,232.46
2026-02-03 12:20:38.823,3.12,320.82,TAKE_PICTURE,5.28,120.94,188.55,2.55,232.46
2026-02-03 12:20:39.033,5.00,200.07,TAKE_PICTURE,1.62,0.60,193.45,2.24,232.46
2026-02-03 12:20:39.238,5.06,197.59,TAKE_PICTURE,3.88,0.57,190.10,0.96,232.46
2026-02-03 12:20:39.417,5.77,173.32,TAKE_PICTURE,2.39,0.71,167.11,0.68,232.46
2026-02-03 12:20:39.593,5.82,171.89,TAKE_PICTURE,1.46,1.57,165.71,0.60,232.46
2026-02-03 12:20:39.877,3.59,278.79,TAKE_PICTURE,1.22,114.14,160.35,1.03,232.46
2026-02-03 12:20:40.064,5.50,181.95,TAKE_PICTURE,1.35,2.20,174.33,0.60,232.46
2026-02-03 12:20:40.242,5.75,174.03,TAKE_PICTURE,1.24,0.89,167.96,0.77,232.46
2026-02-03 12:20:40.476,4.37,229.02,TAKE_PICTURE,1.30,0.82,212.95,11.69,232.53
2026-02-03 12:20:40.683,4.90,203.99,TAKE_PICTURE,2.92,0.57,195.87,1.75,232.53
2026-02-03 12:20:41.057,2.73,366.10,TAKE_PICTURE,1.92,160.97,199.68,0.80,232.53
2026-02-03 12:20:41.263,5.14,194.53,TAKE_PICTURE,2.21,0.72,188.34,0.58,232.53
2026-02-03 12:20:41.475,5.07,197.34,TAKE_PICTURE,5.13,1.32,185.90,1.29,232.53
2026-02-03 12:20:41.674,5.32,188.05,TAKE_PICTURE,2.60,0.99,180.74,0.78,232.43
2026-02-03 12:20:41.868,5.55,180.07,TAKE_PICTURE,6.24,0.67,169.22,0.58,232.43
2026-02-03 12:20:42.163,3.46,288.85,TAKE_PICTURE,1.76,118.41,164.52,0.61,232.43
2026-02-03 12:20:42.351,5.56,179.71,TAKE_PICTURE,1.47,1.42,173.20,0.64,232.43
2026-02-03 12:20:42.530,5.72,174.76,TAKE_PICTURE,1.78,0.67,169.68,0.61,232.43
2026-02-03 12:20:42.706,5.84,171.37,TAKE_PICTURE,1.28,1.23,165.17,0.62,232.43
2026-02-03 12:20:42.884,5.77,173.22,TAKE_PICTURE,1.37,0.81,166.50,1.49,232.43
2026-02-03 12:20:43.170,3.56,280.88,TAKE_PICTURE,1.41,113.79,162.19,0.59,232.43
2026-02-03 12:20:43.367,5.28,189.34,TAKE_PICTURE,2.31,1.57,181.35,0.80,232.43
2026-02-03 12:20:43.563,5.23,191.31,TAKE_PICTURE,1.72,1.11,183.27,1.18,232.43
2026-02-03 12:20:43.762,5.29,188.90,TAKE_PICTURE,2.33,0.59,183.21,0.68,232.43
2026-02-03 12:20:43.956,5.54,180.37,TAKE_PICTURE,5.59,1.17,169.00,0.69,232.43
2026-02-03 12:20:44.255,3.41,292.83,TAKE_PICTURE,2.99,124.34,161.60,0.59,232.43
2026-02-03 12:20:44.445,5.47,182.77,TAKE_PICTURE,2.47,1.38,174.81,0.64,232.43
